{
  "type": "FeatureCollection",
  "features": [
    {
      "type": "Feature",
      "geometry": {
        "type": "MultiPolygon",
        "coordinates": [
          [
            [
              [
                -71.12318421565978,
                42.3689362383035
              ],
              [
                -71.12316138212165,
                42.36896353430347
              ],
              [
                -71.12315333150113,
                42.368973158309124
              ],
              [
                -71.12307100024408,
                42.369071579787494
              ],
              [
                -71.12248526011051,
                42.369771778223836
              ],
              [
                -71.12245801240087,
                42.369803246124455
              ],
              [
                -71.12231130990018,
                42.36996946661876
              ],
              [
                -71.12118355788,
                42.37132133116184
              ],
              [
                -71.12110458059435,
                42.3714164274367
              ],
              [
                -71.12101232951679,
                42.37152657257804
              ],
              [
                -71.1209669031637,
                42.37158061841546
              ],
              [
                -71.12092287336817,
                42.37163329629916
              ],
              [
                -71.12088187074063,
                42.37168255463969
              ],
              [
                -71.1205510555465,
                42.37207935457939
              ],
              [
                -71.12048885238661,
                42.37215392558005
              ],
              [
                -71.12042455175616,
                42.372231233122044
              ],
              [
                -71.12021464342777,
                42.372482995124194
              ],
              [
                -71.12014591400906,
                42.372565776456426
              ],
              [
                -71.12008301262118,
                42.37264103093256
              ],
              [
                -71.11943929047204,
                42.373414103689996
              ],
              [
                -71.11938947175156,
                42.37346744782733
              ],
              [
                -71.11855374113944,
                42.37332198781015
              ],
              [
                -71.11851712336366,
                42.373295798166566
              ],
              [
                -71.11831673675822,
                42.37323270535891
              ],
              [
                -71.11830220280909,
                42.3732264830829
              ],
              [
                -71.11827798299777,
                42.373215426624476
              ],
              [
                -71.11824799824676,
                42.37320160648055
              ],
              [
                -71.11799791342936,
                42.37313354665942
              ],
              [
                -71.1178953890553,
                42.37310507938996
              ],
              [
                -71.11781710931879,
                42.37308355263829
              ],
              [
                -71.11718697051062,
                42.372906522727334
              ],
              [
                -71.11711838873214,
                42.37288777231993
              ],
              [
                -71.1170417285429,
                42.37286625042839
              ],
              [
                -71.1165016310468,
                42.37271695722418
              ],
              [
                -71.11641850355785,
                42.372694041342285
              ],
              [
                -71.11630883152007,
                42.372662118787524
              ],
              [
                -71.11610265517238,
                42.372601061331515
              ],
              [
                -71.11603803923941,
                42.37257683493892
              ],
              [
                -71.115998150899,
                42.37255612108797
              ],
              [
                -71.11594908610614,
                42.372523028481055
              ],
              [
                -71.115839660446,
                42.372450630900246
              ],
              [
                -71.11525276872385,
                42.37193415602022
              ],
              [
                -71.11435010623278,
                42.371201209177435
              ],
              [
                -71.11388660419459,
                42.37082165805731
              ],
              [
                -71.11380581717819,
                42.37075690121769
              ],
              [
                -71.1133006098195,
                42.370352510894605
              ],
              [
                -71.11293902821184,
                42.370063166844695
              ],
              [
                -71.1127137039438,
                42.369882671066094
              ],
              [
                -71.11232764968436,
                42.369737992632146
              ],
              [
                -71.111961193199,
                42.369603669629164
              ],
              [
                -71.1118610405363,
                42.369566972853704
              ],
              [
                -71.111763655586,
                42.36953165681883
              ],
              [
                -71.11083273332751,
                42.36919373402325
              ],
              [
                -71.11073442794235,
                42.36915772798947
              ],
              [
                -71.11064257793056,
                42.36912517428141
              ],
              [
                -71.11036518953277,
                42.36902544846666
              ],
              [
                -71.11027034180216,
                42.36899151229137
              ],
              [
                -71.11016026325346,
                42.36895203583933
              ],
              [
                -71.10991010876795,
                42.36886200530859
              ],
              [
                -71.10937161267564,
                42.368648884075974
              ],
              [
                -71.10888221833021,
                42.36842495063761
              ],
              [
                -71.10878281829302,
                42.368379335631076
              ],
              [
                -71.10869726566514,
                42.36833856916771
              ],
              [
                -71.10837973847227,
                42.368185878392765
              ],
              [
                -71.10836936103355,
                42.36818104101261
              ],
              [
                -71.10828244256061,
                42.36813683955258
              ],
              [
                -71.10805465742466,
                42.36802081234176
              ],
              [
                -71.10778583407269,
                42.36788406401381
              ],
              [
                -71.10769341629978,
                42.36783161179429
              ],
              [
                -71.10759756866058,
                42.36777297321022
              ],
              [
                -71.10738029537411,
                42.367640515814394
              ],
              [
                -71.10710104983299,
                42.367469429413795
              ],
              [
                -71.10701004286308,
                42.367413550894426
              ],
              [
                -71.10692157502311,
                42.36735836698614
              ],
              [
                -71.10683333931415,
                42.367303183802
              ],
              [
                -71.10674556629316,
                42.36724800213091
              ],
              [
                -71.1066617121601,
                42.36719489234018
              ],
              [
                -71.10657117206408,
                42.36713832905698
              ],
              [
                -71.10641337055922,
                42.36703831606572
              ],
              [
                -71.10634287491229,
                42.366994169840105
              ],
              [
                -71.10626361688334,
                42.36694587700723
              ],
              [
                -71.10605211021377,
                42.36681686683397
              ],
              [
                -71.10578484636314,
                42.3666540508301
              ],
              [
                -71.10568070597772,
                42.36659058014855
              ],
              [
                -71.10559086640403,
                42.36653333247438
              ],
              [
                -71.10547960001348,
                42.3664629765742
              ],
              [
                -71.1053915980755,
                42.366407793066216
              ],
              [
                -71.1053128083123,
                42.36635881569219
              ],
              [
                -71.10517761032057,
                42.36626916916987
              ],
              [
                -71.10505571531544,
                42.36619740435306
              ],
              [
                -71.10475408783715,
                42.3660200612347
              ],
              [
                -71.10467412988007,
                42.36597313689701
              ],
              [
                -71.10456629582524,
                42.36590896648635
              ],
              [
                -71.10441647458927,
                42.36582818687311
              ],
              [
                -71.10422061534514,
                42.365712947761686
              ],
              [
                -71.1039909067717,
                42.365574266996475
              ],
              [
                -71.10432246773836,
                42.365291396291646
              ],
              [
                -71.10435580848456,
                42.365285336390606
              ],
              [
                -71.10456512822066,
                42.36524489525692
              ],
              [
                -71.10458318862585,
                42.3652415273106
              ],
              [
                -71.10477446483739,
                42.36520170924513
              ],
              [
                -71.1048779770928,
                42.36518011265126
              ],
              [
                -71.10539482928822,
                42.36507418177183
              ],
              [
                -71.10552715057304,
                42.365031416148085
              ],
              [
                -71.10554709017289,
                42.36502325244385
              ],
              [
                -71.10570418979766,
                42.36493803860623
              ],
              [
                -71.10580692590018,
                42.36489242773151
              ],
              [
                -71.10590990166386,
                42.36484544504533
              ],
              [
                -71.10597321534806,
                42.364816849125546
              ],
              [
                -71.10629211608975,
                42.36470817788499
              ],
              [
                -71.10655933228036,
                42.36461716569363
              ],
              [
                -71.10668749345695,
                42.36457369849846
              ],
              [
                -71.10680568836922,
                42.364533627653834
              ],
              [
                -71.1071313005091,
                42.36442360501786
              ],
              [
                -71.10734404980703,
                42.36435161368129
              ],
              [
                -71.10747544252798,
                42.36430884264883
              ],
              [
                -71.10751344588468,
                42.36429662420547
              ],
              [
                -71.10770786483093,
                42.36423417322217
              ],
              [
                -71.10812552246223,
                42.364086044740056
              ],
              [
                -71.10839524817435,
                42.36399983889104
              ],
              [
                -71.10868262490827,
                42.36390134433152
              ],
              [
                -71.10884090991108,
                42.363847687114315
              ],
              [
                -71.10895771033825,
                42.36380829479977
              ],
              [
                -71.10956743096875,
                42.36360318824612
              ],
              [
                -71.10969488931765,
                42.36356040185175
              ],
              [
                -71.10978016979352,
                42.363531878380876
              ],
              [
                -71.11033496761532,
                42.36334441760383
              ],
              [
                -71.11052107264891,
                42.363279190199826
              ],
              [
                -71.11063762705669,
                42.3632418538968
              ],
              [
                -71.11085940761816,
                42.363166456075774
              ],
              [
                -71.11098802540447,
                42.36312298563937
              ],
              [
                -71.11103900700653,
                42.36310600787568
              ],
              [
                -71.11121303000348,
                42.363049656590434
              ],
              [
                -71.11148370158766,
                42.362958644652736
              ],
              [
                -71.11159423809497,
                42.36292197253436
              ],
              [
                -71.11168391904803,
                42.36289209049917
              ],
              [
                -71.11224681199523,
                42.36270259034564
              ],
              [
                -71.11236105602566,
                42.36266455797555
              ],
              [
                -71.11335868696533,
                42.362327650013064
              ],
              [
                -71.11354689575651,
                42.36225762273824
              ],
              [
                -71.1137781261703,
                42.36218636709298
              ],
              [
                -71.1141771725352,
                42.36205187483806
              ],
              [
                -71.11430786629748,
                42.36200840765769
              ],
              [
                -71.11432487818185,
                42.362002604181086
              ],
              [
                -71.11447912164148,
                42.361949984132806
              ],
              [
                -71.11543872911169,
                42.36162527934998
              ],
              [
                -71.11580992234451,
                42.36150646594929
              ],
              [
                -71.11596282250783,
                42.36146169957895
              ],
              [
                -71.11678655100094,
                42.36121050547657
              ],
              [
                -71.11678702299989,
                42.36121291859736
              ],
              [
                -71.11679117759299,
                42.3612672675015
              ],
              [
                -71.11680053504239,
                42.36138969684209
              ],
              [
                -71.11694206425629,
                42.363060188122155
              ],
              [
                -71.11693834051991,
                42.36362191516963
              ],
              [
                -71.11693404889708,
                42.36426932222678
              ],
              [
                -71.11696376027186,
                42.36487321943729
              ],
              [
                -71.11696635767684,
                42.36492600327915
              ],
              [
                -71.11698968284416,
                42.36540010176761
              ],
              [
                -71.11700758366094,
                42.36576392810461
              ],
              [
                -71.11703346405932,
                42.366289928994476
              ],
              [
                -71.11704897505564,
                42.366605177596114
              ],
              [
                -71.11707864497897,
                42.36671321458857
              ],
              [
                -71.11718498275748,
                42.36710041950574
              ],
              [
                -71.11719700078575,
                42.36712625314314
              ],
              [
                -71.1172546392492,
                42.367250155519876
              ],
              [
                -71.11733337357468,
                42.36741940501098
              ],
              [
                -71.11737624493877,
                42.36751156247387
              ],
              [
                -71.1173770923285,
                42.367513383420594
              ],
              [
                -71.11766663253229,
                42.36790605437095
              ],
              [
                -71.1177772756899,
                42.36799919500209
              ],
              [
                -71.11790407598114,
                42.368162059887744
              ],
              [
                -71.1179703880065,
                42.36824723131733
              ],
              [
                -71.1180671318187,
                42.36834032549412
              ],
              [
                -71.11810733440349,
                42.36835989389823
              ],
              [
                -71.11846057497691,
                42.36853182966694
              ],
              [
                -71.1184641421943,
                42.36853356598486
              ],
              [
                -71.118464150682,
                42.36853357022165
              ],
              [
                -71.11862153781814,
                42.36861017574585
              ],
              [
                -71.11888533935164,
                42.368662590548304
              ],
              [
                -71.11946234618097,
                42.36878134768073
              ],
              [
                -71.11961020119551,
                42.368796101353794
              ],
              [
                -71.11972085285257,
                42.36880714293864
              ],
              [
                -71.11997539345275,
                42.36880149605938
              ],
              [
                -71.12015490286298,
                42.36879751316168
              ],
              [
                -71.120170733762,
                42.36879542903433
              ],
              [
                -71.1202604161313,
                42.36878362323608
              ],
              [
                -71.12029321817423,
                42.3687793050993
              ],
              [
                -71.12049315647563,
                42.36875298342937
              ],
              [
                -71.12064385025866,
                42.36874453087651
              ],
              [
                -71.12068784462151,
                42.368742063457965
              ],
              [
                -71.12068785171891,
                42.36874206295529
              ],
              [
                -71.12076285829698,
                42.36873785597112
              ],
              [
                -71.1209536473776,
                42.36872715469533
              ],
              [
                -71.12105525476673,
                42.36872145536304
              ],
              [
                -71.12108118283739,
                42.36872000094779
              ],
              [
                -71.12122312622779,
                42.36870041434695
              ],
              [
                -71.12139818226198,
                42.36867625815047
              ],
              [
                -71.12181540231477,
                42.36868837108595
              ],
              [
                -71.12195243642033,
                42.36869234890918
              ],
              [
                -71.12223648971805,
                42.368700594637566
              ],
              [
                -71.12236737827399,
                42.36872318284896
              ],
              [
                -71.12243577861351,
                42.36873498690242
              ],
              [
                -71.12248913733315,
                42.36874419480398
              ],
              [
                -71.12273893982263,
                42.36878730372067
              ],
              [
                -71.12303134702624,
                42.36888510763226
              ],
              [
                -71.12318421565978,
                42.3689362383035
              ]
            ]
          ]
        ]
      },
      "properties": {
        "n_hood": "7",
        "name": "Riverside",
        "webpage": "https://www.cambridgema.gov/CDD/planud/neighplan/neighs/7",
        "_feature_id": "9"
      }
    },
    {
      "type": "Feature",
      "geometry": {
        "type": "MultiPolygon",
        "coordinates": [
          [
            [
              [
                -71.15641001107578,
                42.39585614093669
              ],
              [
                -71.15639626558314,
                42.39587284062813
              ],
              [
                -71.15636534373142,
                42.39591040889428
              ],
              [
                -71.15634571605699,
                42.39593425456652
              ],
              [
                -71.15627570945537,
                42.39601930790456
              ],
              [
                -71.15622209892479,
                42.3960844409319
              ],
              [
                -71.15619144050576,
                42.39612168850575
              ],
              [
                -71.15603803212458,
                42.396308066889446
              ],
              [
                -71.15581375191275,
                42.39658054609546
              ],
              [
                -71.15569858739863,
                42.3967204603154
              ],
              [
                -71.1556342656147,
                42.39679860396939
              ],
              [
                -71.15558604739158,
                42.39685718374138
              ],
              [
                -71.15536307508214,
                42.397128068799084
              ],
              [
                -71.15527448551006,
                42.3972356938817
              ],
              [
                -71.15523399242241,
                42.397284887808695
              ],
              [
                -71.15520576854308,
                42.397319176401126
              ],
              [
                -71.15496179175402,
                42.39761868559559
              ],
              [
                -71.1548533514833,
                42.39775180750155
              ],
              [
                -71.15470924225995,
                42.397928715794365
              ],
              [
                -71.15451654921343,
                42.398165263207424
              ],
              [
                -71.15448332063293,
                42.39820605412339
              ],
              [
                -71.1542897484077,
                42.398443678010395
              ],
              [
                -71.15424942743084,
                42.39849317564328
              ],
              [
                -71.15386857988418,
                42.3989606874109
              ],
              [
                -71.15378486028283,
                42.3990634566234
              ],
              [
                -71.15360830713152,
                42.39928018227074
              ],
              [
                -71.15340836202121,
                42.3995256197441
              ],
              [
                -71.15330867329217,
                42.39964798936286
              ],
              [
                -71.15315671412684,
                42.39983452020345
              ],
              [
                -71.15312228397268,
                42.39987678430947
              ],
              [
                -71.15294861900954,
                42.400089956628975
              ],
              [
                -71.1528641532204,
                42.400193638271446
              ],
              [
                -71.1527503665999,
                42.400309678286675
              ],
              [
                -71.15264089658339,
                42.40042131587965
              ],
              [
                -71.15259281613737,
                42.40047034811998
              ],
              [
                -71.15252429664349,
                42.40055161376948
              ],
              [
                -71.1523891204252,
                42.40071193579921
              ],
              [
                -71.15235216014644,
                42.400755771300055
              ],
              [
                -71.15229902519049,
                42.400818790123985
              ],
              [
                -71.15228460169135,
                42.40083589707429
              ],
              [
                -71.15225978994874,
                42.40086532326604
              ],
              [
                -71.15220943691712,
                42.40092504302809
              ],
              [
                -71.15220451427996,
                42.40093088124736
              ],
              [
                -71.15219535417263,
                42.400941744867836
              ],
              [
                -71.15212563907416,
                42.40102442705964
              ],
              [
                -71.15210530543872,
                42.401048542887814
              ],
              [
                -71.15210209463781,
                42.40105235089834
              ],
              [
                -71.15209831369303,
                42.40105683529417
              ],
              [
                -71.15207850806601,
                42.40104846187747
              ],
              [
                -71.15202090975197,
                42.40102411043842
              ],
              [
                -71.15182342893453,
                42.400940620242956
              ],
              [
                -71.15178825439271,
                42.400925749035785
              ],
              [
                -71.15175747252161,
                42.400912734998315
              ],
              [
                -71.15169687189906,
                42.400887114364046
              ],
              [
                -71.15157062099811,
                42.400833737633526
              ],
              [
                -71.15141907388511,
                42.40076966587334
              ],
              [
                -71.15097848039855,
                42.40058338769751
              ],
              [
                -71.15094672587226,
                42.40056996225809
              ],
              [
                -71.15085984535555,
                42.40053322970088
              ],
              [
                -71.15085360662918,
                42.400530591978445
              ],
              [
                -71.15085281351122,
                42.40053025656749
              ],
              [
                -71.15081873208737,
                42.4005158471139
              ],
              [
                -71.15080601245707,
                42.40051046939706
              ],
              [
                -71.15075857835411,
                42.40049041461901
              ],
              [
                -71.1504673844432,
                42.400367298375265
              ],
              [
                -71.15035250262788,
                42.40031872631492
              ],
              [
                -71.15008280004007,
                42.40020469549583
              ],
              [
                -71.1499227917847,
                42.40013304212529
              ],
              [
                -71.14973847286925,
                42.400050501619276
              ],
              [
                -71.1488227706068,
                42.399640429813616
              ],
              [
                -71.14879083874193,
                42.3996261299496
              ],
              [
                -71.14870657550824,
                42.399588394202475
              ],
              [
                -71.14863155347571,
                42.399554796824475
              ],
              [
                -71.14816872749276,
                42.39934752688545
              ],
              [
                -71.1479597416589,
                42.39925393470815
              ],
              [
                -71.14716259692186,
                42.39889693477898
              ],
              [
                -71.14694963366196,
                42.39880155831411
              ],
              [
                -71.1468620280125,
                42.39876232373671
              ],
              [
                -71.14651773737533,
                42.39861747120287
              ],
              [
                -71.14637647706151,
                42.398558039056084
              ],
              [
                -71.14633427038271,
                42.398540281135155
              ],
              [
                -71.14626962739791,
                42.39851308380384
              ],
              [
                -71.14507907416683,
                42.398012169120875
              ],
              [
                -71.14457229771389,
                42.39779894115324
              ],
              [
                -71.14363201801274,
                42.397403305558655
              ],
              [
                -71.14355019862398,
                42.39736887836473
              ],
              [
                -71.1433461769978,
                42.39728303165481
              ],
              [
                -71.1433196553656,
                42.397272477418156
              ],
              [
                -71.14331676816165,
                42.39727132846611
              ],
              [
                -71.14331239023053,
                42.39728292693611
              ],
              [
                -71.14328640942279,
                42.39737351269025
              ],
              [
                -71.14326937845388,
                42.3974339400349
              ],
              [
                -71.14320730456478,
                42.397589072095826
              ],
              [
                -71.14315075425827,
                42.39773506124092
              ],
              [
                -71.14315052017726,
                42.397735664974455
              ],
              [
                -71.14296864665924,
                42.39787103477301
              ],
              [
                -71.1426825033471,
                42.39808401111424
              ],
              [
                -71.14228772216046,
                42.398360824899946
              ],
              [
                -71.14210219472605,
                42.3984909117509
              ],
              [
                -71.14170244917969,
                42.39881344812822
              ],
              [
                -71.14152447909792,
                42.39894590438813
              ],
              [
                -71.14149426624049,
                42.39896839095422
              ],
              [
                -71.14147148310428,
                42.39898653476985
              ],
              [
                -71.14129644167782,
                42.39912593135227
              ],
              [
                -71.14064318026362,
                42.39964615606812
              ],
              [
                -71.13946984985733,
                42.40012154195931
              ],
              [
                -71.13895747215115,
                42.40014247423812
              ],
              [
                -71.13782223768807,
                42.40019517970228
              ],
              [
                -71.13745433976577,
                42.40039718903042
              ],
              [
                -71.13732493915894,
                42.400468241113416
              ],
              [
                -71.13675550482273,
                42.400780905461396
              ],
              [
                -71.13647247396561,
                42.40098065695692
              ],
              [
                -71.1357528136559,
                42.401488553352685
              ],
              [
                -71.13567090959226,
                42.40154635583488
              ],
              [
                -71.13566765822968,
                42.40154865027227
              ],
              [
                -71.13506314789619,
                42.402208875900065
              ],
              [
                -71.13476617078507,
                42.40253321848872
              ],
              [
                -71.1345735230182,
                42.40274361573075
              ],
              [
                -71.13452837047443,
                42.4028332705398
              ],
              [
                -71.13449462284909,
                42.40290027934864
              ],
              [
                -71.134474045944,
                42.40294113570724
              ],
              [
                -71.13446262436544,
                42.40296381477568
              ],
              [
                -71.13443307874033,
                42.403022479701285
              ],
              [
                -71.13441212333167,
                42.403064087657285
              ],
              [
                -71.13435361419124,
                42.40318026195903
              ],
              [
                -71.13433727588611,
                42.40321270247582
              ],
              [
                -71.13431929891566,
                42.40324839733711
              ],
              [
                -71.13429773945623,
                42.40329120437783
              ],
              [
                -71.13426953632974,
                42.40334720264681
              ],
              [
                -71.13424803281063,
                42.40338989885364
              ],
              [
                -71.13423138418352,
                42.40342295597866
              ],
              [
                -71.13417317884802,
                42.40353852510937
              ],
              [
                -71.1341650271122,
                42.40355742365137
              ],
              [
                -71.13415409024785,
                42.40358277983887
              ],
              [
                -71.13411859737857,
                42.403665063846475
              ],
              [
                -71.13411809589743,
                42.40366622645356
              ],
              [
                -71.13409358175478,
                42.40368243734111
              ],
              [
                -71.13403626566122,
                42.40372033863545
              ],
              [
                -71.1340082210309,
                42.40373858944013
              ],
              [
                -71.1339885342052,
                42.40375140091119
              ],
              [
                -71.1339694388214,
                42.403764429950215
              ],
              [
                -71.13373629350785,
                42.403581450984106
              ],
              [
                -71.13371739999779,
                42.40356662238428
              ],
              [
                -71.13371694069585,
                42.40356626214015
              ],
              [
                -71.13362415006544,
                42.40349343698543
              ],
              [
                -71.13356949840252,
                42.40345054421824
              ],
              [
                -71.13353258250675,
                42.403420764527446
              ],
              [
                -71.133515924793,
                42.40340732711322
              ],
              [
                -71.13349133565504,
                42.40338749157978
              ],
              [
                -71.13336830895234,
                42.403288247288195
              ],
              [
                -71.13323001476516,
                42.403176686689974
              ],
              [
                -71.13313332146093,
                42.40309868475036
              ],
              [
                -71.13312629797356,
                42.40309301969254
              ],
              [
                -71.13308519921598,
                42.40305986490803
              ],
              [
                -71.13307723466002,
                42.40305344035263
              ],
              [
                -71.13291355012913,
                42.40292139568683
              ],
              [
                -71.13285167378075,
                42.40287148011167
              ],
              [
                -71.13282248786066,
                42.402848168200315
              ],
              [
                -71.13279838412312,
                42.40282891642729
              ],
              [
                -71.13271570025911,
                42.40276287545256
              ],
              [
                -71.13268405708828,
                42.4027376007723
              ],
              [
                -71.13266593181531,
                42.40272257716951
              ],
              [
                -71.13261934358385,
                42.40268396193149
              ],
              [
                -71.13259157504511,
                42.402660945929476
              ],
              [
                -71.13256567923919,
                42.402639481504984
              ],
              [
                -71.13188883060691,
                42.402078458018146
              ],
              [
                -71.13174133101704,
                42.40195619735526
              ],
              [
                -71.13129912317324,
                42.401589652391735
              ],
              [
                -71.13117323363917,
                42.40144746360478
              ],
              [
                -71.1310827393001,
                42.40134525141383
              ],
              [
                -71.13094597163186,
                42.40119077417491
              ],
              [
                -71.13093726157297,
                42.40118093706342
              ],
              [
                -71.13076069246165,
                42.40098150358641
              ],
              [
                -71.13071227134164,
                42.40092681273411
              ],
              [
                -71.1306768200729,
                42.400886769935255
              ],
              [
                -71.13056120234631,
                42.400756179152665
              ],
              [
                -71.13054285521886,
                42.40073545553018
              ],
              [
                -71.1305106795467,
                42.40069911307836
              ],
              [
                -71.13037821320216,
                42.40054949040385
              ],
              [
                -71.13033181555593,
                42.400494210366595
              ],
              [
                -71.13028954649481,
                42.400443848689996
              ],
              [
                -71.13021934303903,
                42.40036020405689
              ],
              [
                -71.1302071500026,
                42.4003456767909
              ],
              [
                -71.13003927958734,
                42.4001456656445
              ],
              [
                -71.13001908276657,
                42.40012160172883
              ],
              [
                -71.12993342738832,
                42.40002470539838
              ],
              [
                -71.12987855847078,
                42.39996263576781
              ],
              [
                -71.12980087769013,
                42.39987476085318
              ],
              [
                -71.12971399255059,
                42.399776473137436
              ],
              [
                -71.12969302666333,
                42.39975275547445
              ],
              [
                -71.12961741731931,
                42.399667222339794
              ],
              [
                -71.12961338125317,
                42.399662656701814
              ],
              [
                -71.12952082196799,
                42.39955794929735
              ],
              [
                -71.12946713068878,
                42.39949721053816
              ],
              [
                -71.1294423390662,
                42.399469165120614
              ],
              [
                -71.12942598126115,
                42.399450660386144
              ],
              [
                -71.12933091877028,
                42.399343119741154
              ],
              [
                -71.12923650599815,
                42.399236314454924
              ],
              [
                -71.12916843049028,
                42.399159301912306
              ],
              [
                -71.12910920978848,
                42.3990923069687
              ],
              [
                -71.12889645726116,
                42.39885162484088
              ],
              [
                -71.12884373315124,
                42.39879197997435
              ],
              [
                -71.12882152766043,
                42.39876685878869
              ],
              [
                -71.1287910599194,
                42.3987323904845
              ],
              [
                -71.12877869331243,
                42.39871840067397
              ],
              [
                -71.12871849547652,
                42.39865029918925
              ],
              [
                -71.12869943055152,
                42.398628731223575
              ],
              [
                -71.12857112568824,
                42.39848358038165
              ],
              [
                -71.12850982766167,
                42.398414233695505
              ],
              [
                -71.12846171694432,
                42.39835980589
              ],
              [
                -71.12830254758683,
                42.39817973683364
              ],
              [
                -71.12821777811344,
                42.398083835255356
              ],
              [
                -71.12816533308941,
                42.398024503453136
              ],
              [
                -71.12811818186779,
                42.39797116020687
              ],
              [
                -71.12807150453234,
                42.39791835348992
              ],
              [
                -71.12802257174873,
                42.39786299483936
              ],
              [
                -71.12787482560516,
                42.397695844077795
              ],
              [
                -71.12767060316543,
                42.39746480012162
              ],
              [
                -71.12763296971362,
                42.3974222235946
              ],
              [
                -71.12756150887873,
                42.39734137664238
              ],
              [
                -71.12747479427831,
                42.39724327183313
              ],
              [
                -71.12746546494027,
                42.39723271750587
              ],
              [
                -71.12742304154439,
                42.39718340689935
              ],
              [
                -71.12740949985307,
                42.39716766656184
              ],
              [
                -71.12733026874352,
                42.39707557365112
              ],
              [
                -71.12731094105558,
                42.397053108687984
              ],
              [
                -71.12719753410468,
                42.39692129050792
              ],
              [
                -71.12714429409043,
                42.39685940680986
              ],
              [
                -71.1271083381398,
                42.39681761360288
              ],
              [
                -71.12707319853638,
                42.39677676891215
              ],
              [
                -71.12706326056751,
                42.39676521777074
              ],
              [
                -71.1269847960132,
                42.3966740135306
              ],
              [
                -71.12690636692385,
                42.39658285143528
              ],
              [
                -71.12682572181645,
                42.39648911222167
              ],
              [
                -71.12677542694612,
                42.39643065159506
              ],
              [
                -71.1267459080369,
                42.39639633941444
              ],
              [
                -71.12669532500801,
                42.396337543232754
              ],
              [
                -71.12666667533675,
                42.39630424181018
              ],
              [
                -71.12658496511833,
                42.39620926373996
              ],
              [
                -71.12654978953358,
                42.396168376678695
              ],
              [
                -71.12634246310583,
                42.39592738262127
              ],
              [
                -71.12630379575606,
                42.39588243652202
              ],
              [
                -71.12630040780361,
                42.395878532564936
              ],
              [
                -71.12626158380162,
                42.395833802684926
              ],
              [
                -71.12609544288327,
                42.39564238612511
              ],
              [
                -71.12607338891581,
                42.39561697711275
              ],
              [
                -71.12604139606927,
                42.39558011681322
              ],
              [
                -71.12581079335455,
                42.39531442737301
              ],
              [
                -71.12574479221203,
                42.39523838427395
              ],
              [
                -71.12572647253006,
                42.39521727747917
              ],
              [
                -71.12569865678478,
                42.39518522899629
              ],
              [
                -71.12566129777143,
                42.39514218500496
              ],
              [
                -71.12562092031429,
                42.395095663819696
              ],
              [
                -71.1255515042733,
                42.395015685500084
              ],
              [
                -71.12550510482725,
                42.3949622252104
              ],
              [
                -71.12537794526752,
                42.3948154061785
              ],
              [
                -71.12536580462428,
                42.394801387784916
              ],
              [
                -71.12526073041184,
                42.39468006783271
              ],
              [
                -71.12520560462636,
                42.39461714857482
              ],
              [
                -71.12517911043153,
                42.39458709861549
              ],
              [
                -71.12517568841756,
                42.394583217133935
              ],
              [
                -71.12501660113377,
                42.39440277743082
              ],
              [
                -71.12494031062359,
                42.39431624667698
              ],
              [
                -71.12491253219935,
                42.39428474049996
              ],
              [
                -71.12479657911807,
                42.39415322297295
              ],
              [
                -71.1246789698265,
                42.394019826041465
              ],
              [
                -71.12464190085923,
                42.39397669479437
              ],
              [
                -71.12443762595093,
                42.39373901399761
              ],
              [
                -71.1244041344137,
                42.39370004455394
              ],
              [
                -71.12432504574255,
                42.393608020429944
              ],
              [
                -71.12420193943316,
                42.39349315445732
              ],
              [
                -71.1240874069276,
                42.393386287451655
              ],
              [
                -71.12380395875385,
                42.39312180946441
              ],
              [
                -71.1237767835681,
                42.39309645269012
              ],
              [
                -71.12374511508693,
                42.39306765909661
              ],
              [
                -71.12369930761936,
                42.393026009847404
              ],
              [
                -71.12354963286785,
                42.39289574378891
              ],
              [
                -71.12352210887283,
                42.39287178885453
              ],
              [
                -71.12349904883453,
                42.39285059831566
              ],
              [
                -71.12330992660077,
                42.39267957299985
              ],
              [
                -71.12316778374256,
                42.392547948558686
              ],
              [
                -71.12307094097031,
                42.39245827166318
              ],
              [
                -71.12303585451849,
                42.392425781512884
              ],
              [
                -71.12299293802008,
                42.39238375477851
              ],
              [
                -71.12297883868567,
                42.39236988752706
              ],
              [
                -71.12294613288087,
                42.39233772026785
              ],
              [
                -71.12294014768234,
                42.39233181439651
              ],
              [
                -71.12289786749932,
                42.39229009536031
              ],
              [
                -71.12289100601804,
                42.39228332437674
              ],
              [
                -71.12284885783669,
                42.39224173569512
              ],
              [
                -71.122840736049,
                42.3922481513955
              ],
              [
                -71.12279047362823,
                42.39228785527287
              ],
              [
                -71.1227740660205,
                42.39230081659376
              ],
              [
                -71.1227242092508,
                42.392340199813574
              ],
              [
                -71.12268039208307,
                42.392374812898666
              ],
              [
                -71.122670933262,
                42.39238228477097
              ],
              [
                -71.12266087332182,
                42.39239023182171
              ],
              [
                -71.12265021226828,
                42.39239865299865
              ],
              [
                -71.12263579834041,
                42.392410038928546
              ],
              [
                -71.12262047096623,
                42.39242214679291
              ],
              [
                -71.12260904477654,
                42.39243117307391
              ],
              [
                -71.12255156510062,
                42.392476577929166
              ],
              [
                -71.12253174536386,
                42.39249223415506
              ],
              [
                -71.12252408771974,
                42.39249828310265
              ],
              [
                -71.12252244409702,
                42.39249958132593
              ],
              [
                -71.12251507881003,
                42.39250539923264
              ],
              [
                -71.12250519924022,
                42.392513203242785
              ],
              [
                -71.12240652176354,
                42.39259115214806
              ],
              [
                -71.12239621360861,
                42.392599295113264
              ],
              [
                -71.12233334279951,
                42.392648958635036
              ],
              [
                -71.12229661243812,
                42.392677972663456
              ],
              [
                -71.12221992923106,
                42.39273854630605
              ],
              [
                -71.12220511653649,
                42.392750247569886
              ],
              [
                -71.12218730821195,
                42.39276431475295
              ],
              [
                -71.12216074957661,
                42.39278460771255
              ],
              [
                -71.12215921099983,
                42.392785783173856
              ],
              [
                -71.12211374093503,
                42.39282052739377
              ],
              [
                -71.12204412621237,
                42.39287372014477
              ],
              [
                -71.12195962816845,
                42.39293828453007
              ],
              [
                -71.12191078126786,
                42.39297560797078
              ],
              [
                -71.12185108361966,
                42.39302122245509
              ],
              [
                -71.12179976115254,
                42.393060437897525
              ],
              [
                -71.12179199690065,
                42.393066370182964
              ],
              [
                -71.12171677482438,
                42.39312384654946
              ],
              [
                -71.12168263413176,
                42.39314993286678
              ],
              [
                -71.12167604554736,
                42.39315496731626
              ],
              [
                -71.12166488894367,
                42.39316349198711
              ],
              [
                -71.1216338660428,
                42.3931871959496
              ],
              [
                -71.121616154344,
                42.393200729394785
              ],
              [
                -71.12158391934975,
                42.39322535945935
              ],
              [
                -71.12157859485413,
                42.39322942797718
              ],
              [
                -71.12155640065899,
                42.393246386153066
              ],
              [
                -71.12151161225499,
                42.39328060787812
              ],
              [
                -71.12150301019908,
                42.39328718077845
              ],
              [
                -71.12146631259408,
                42.39331522088213
              ],
              [
                -71.12144928670902,
                42.393328229956
              ],
              [
                -71.12142338995227,
                42.39334801725895
              ],
              [
                -71.12138612331998,
                42.3933764921074
              ],
              [
                -71.12136192911774,
                42.3933949782269
              ],
              [
                -71.1213160560582,
                42.39343002908369
              ],
              [
                -71.12130787462071,
                42.39343628034327
              ],
              [
                -71.1212965874435,
                42.393444904502765
              ],
              [
                -71.12124615551404,
                42.39348343872944
              ],
              [
                -71.12123015979614,
                42.393495660470144
              ],
              [
                -71.12120217101342,
                42.39351704641892
              ],
              [
                -71.12118110312663,
                42.39353314388767
              ],
              [
                -71.1211690088204,
                42.39354238456824
              ],
              [
                -71.12112027434944,
                42.39357962123889
              ],
              [
                -71.12110481117831,
                42.39359143648098
              ],
              [
                -71.12110087337344,
                42.39359444529197
              ],
              [
                -71.121063960091,
                42.393622649743975
              ],
              [
                -71.12103928087194,
                42.39364150613332
              ],
              [
                -71.1210311221943,
                42.39364774008757
              ],
              [
                -71.12102916790676,
                42.39364923296631
              ],
              [
                -71.12101726392072,
                42.3936583285347
              ],
              [
                -71.12101326479227,
                42.393661383961415
              ],
              [
                -71.12100413288748,
                42.39366836120939
              ],
              [
                -71.1209989666002,
                42.393672308697866
              ],
              [
                -71.12098788324784,
                42.39368077777994
              ],
              [
                -71.12098518745263,
                42.393682837429175
              ],
              [
                -71.12097826009247,
                42.39368813007779
              ],
              [
                -71.12097177264086,
                42.39369308696067
              ],
              [
                -71.12096456792577,
                42.3936985917554
              ],
              [
                -71.12096045756724,
                42.393701732038124
              ],
              [
                -71.12095495402899,
                42.39370593776888
              ],
              [
                -71.12095322004923,
                42.39370726250178
              ],
              [
                -71.12095040019216,
                42.3937094169612
              ],
              [
                -71.12094849559628,
                42.39370640890106
              ],
              [
                -71.1209462120491,
                42.39370280249703
              ],
              [
                -71.1209442216833,
                42.393699658426875
              ],
              [
                -71.1209408561253,
                42.39369434292201
              ],
              [
                -71.12093518945282,
                42.39368539202072
              ],
              [
                -71.12084382471211,
                42.3935410852312
              ],
              [
                -71.1208165467786,
                42.393497999728595
              ],
              [
                -71.1207512912238,
                42.393394929038195
              ],
              [
                -71.12072129822177,
                42.393347554938984
              ],
              [
                -71.1206992300743,
                42.393312698615695
              ],
              [
                -71.1206934200483,
                42.39330352101652
              ],
              [
                -71.12069046792625,
                42.39329885867398
              ],
              [
                -71.12063543161564,
                42.39321193002847
              ],
              [
                -71.12061576518411,
                42.393180866718794
              ],
              [
                -71.12061090640594,
                42.39317319209253
              ],
              [
                -71.12057826381913,
                42.393121633229875
              ],
              [
                -71.12052639645856,
                42.39303970795913
              ],
              [
                -71.12049167158993,
                42.392984859491754
              ],
              [
                -71.12046052668194,
                42.39293566603305
              ],
              [
                -71.12042981700925,
                42.392887159477254
              ],
              [
                -71.12041672759696,
                42.3928724203798
              ],
              [
                -71.12038745339467,
                42.39283945460944
              ],
              [
                -71.1203231689578,
                42.3927670654806
              ],
              [
                -71.12024081494272,
                42.392674327525256
              ],
              [
                -71.12022451885151,
                42.392655976834796
              ],
              [
                -71.12015547786882,
                42.39257823066399
              ],
              [
                -71.1200959558074,
                42.39251120362877
              ],
              [
                -71.12004440033999,
                42.39245314773034
              ],
              [
                -71.11999921545475,
                42.39240226536979
              ],
              [
                -71.11996833372976,
                42.392367489739776
              ],
              [
                -71.11990120304166,
                42.39229189295018
              ],
              [
                -71.119891441855,
                42.39228090149907
              ],
              [
                -71.1198337397774,
                42.392215923085324
              ],
              [
                -71.11979155470473,
                42.3921684179602
              ],
              [
                -71.11974145547079,
                42.39211200124826
              ],
              [
                -71.11970908804558,
                42.39207555192371
              ],
              [
                -71.11966190030256,
                42.392022413305654
              ],
              [
                -71.11959830765039,
                42.39195080042251
              ],
              [
                -71.11958139089629,
                42.391931750008446
              ],
              [
                -71.11946696374184,
                42.3918028918715
              ],
              [
                -71.11944837570076,
                42.391781959398024
              ],
              [
                -71.11939173896353,
                42.391718178993244
              ],
              [
                -71.11935353623004,
                42.39167416423254
              ],
              [
                -71.11933979459357,
                42.3916583317682
              ],
              [
                -71.11932476316471,
                42.391641013605906
              ],
              [
                -71.11926584149884,
                42.3915827656803
              ],
              [
                -71.11921790369509,
                42.39154316926123
              ],
              [
                -71.1191901874581,
                42.39152027636474
              ],
              [
                -71.1191695994396,
                42.39150327069351
              ],
              [
                -71.11914286342842,
                42.39148153892216
              ],
              [
                -71.1190373645157,
                42.39139578760206
              ],
              [
                -71.11901080515611,
                42.39137419895059
              ],
              [
                -71.11891995880966,
                42.39130035693779
              ],
              [
                -71.11889557683915,
                42.391280538876
              ],
              [
                -71.11879902230339,
                42.39120205628368
              ],
              [
                -71.11879304547523,
                42.39119719816412
              ],
              [
                -71.11875077054846,
                42.39116283582083
              ],
              [
                -71.11869721990406,
                42.39112073960825
              ],
              [
                -71.11869271909309,
                42.39111720156395
              ],
              [
                -71.118674691133,
                42.39110302983828
              ],
              [
                -71.11867437327939,
                42.391102779951076
              ],
              [
                -71.1185869826809,
                42.39103408151586
              ],
              [
                -71.11857938929174,
                42.39102768083294
              ],
              [
                -71.11857209811224,
                42.39102153524589
              ],
              [
                -71.11855994384108,
                42.39101108707179
              ],
              [
                -71.11855737884156,
                42.39100888220241
              ],
              [
                -71.11853566633525,
                42.39098975365358
              ],
              [
                -71.11851433137575,
                42.39097039330068
              ],
              [
                -71.1184933781987,
                42.390950804840465
              ],
              [
                -71.11848569647024,
                42.39094340484029
              ],
              [
                -71.11847281103671,
                42.3909309924958
              ],
              [
                -71.11843232439253,
                42.39089235896528
              ],
              [
                -71.11841500978373,
                42.39088089306695
              ],
              [
                -71.11836577327625,
                42.390848288258454
              ],
              [
                -71.11834162990468,
                42.39082180233021
              ],
              [
                -71.11829067966175,
                42.390765909266364
              ],
              [
                -71.11828328232306,
                42.39075854912524
              ],
              [
                -71.1182520196646,
                42.3907274432351
              ],
              [
                -71.11823686734421,
                42.390712367185486
              ],
              [
                -71.11823048162981,
                42.39070601362382
              ],
              [
                -71.11819390841947,
                42.3906696235522
              ],
              [
                -71.11816583093884,
                42.39064168676607
              ],
              [
                -71.118109432671,
                42.39058557142222
              ],
              [
                -71.11810428362752,
                42.39058044824051
              ],
              [
                -71.1180966843091,
                42.390572461386284
              ],
              [
                -71.11808204984546,
                42.39055708033207
              ],
              [
                -71.11801122042004,
                42.39049413381589
              ],
              [
                -71.1179968674933,
                42.39048137775157
              ],
              [
                -71.11798491813215,
                42.3904707586943
              ],
              [
                -71.1179003567631,
                42.39038440611706
              ],
              [
                -71.11790003160895,
                42.390384073609454
              ],
              [
                -71.11787384696429,
                42.3903573345969
              ],
              [
                -71.11784043091558,
                42.39032492150574
              ],
              [
                -71.11781589418175,
                42.390301120825775
              ],
              [
                -71.11772215282951,
                42.390210192851214
              ],
              [
                -71.11771213765341,
                42.39020047820217
              ],
              [
                -71.11763455348317,
                42.39012522144875
              ],
              [
                -71.11760581964424,
                42.39009734967738
              ],
              [
                -71.11758671912392,
                42.39007884618489
              ],
              [
                -71.11757734895428,
                42.390069857547864
              ],
              [
                -71.11753601650845,
                42.390030209761534
              ],
              [
                -71.11751079259078,
                42.39000601322515
              ],
              [
                -71.1174646796538,
                42.389960648436016
              ],
              [
                -71.1174023711379,
                42.38989935070004
              ],
              [
                -71.11739692344332,
                42.38989399133651
              ],
              [
                -71.11733657487213,
                42.38983462131008
              ],
              [
                -71.11728247620964,
                42.38978140029824
              ],
              [
                -71.11726144037497,
                42.38976070551906
              ],
              [
                -71.11725854017033,
                42.38975785243124
              ],
              [
                -71.11722362974366,
                42.38972832444499
              ],
              [
                -71.11719206395497,
                42.38970162471227
              ],
              [
                -71.11716329715796,
                42.389672227622384
              ],
              [
                -71.11714626321492,
                42.389654820433385
              ],
              [
                -71.11710101268412,
                42.38960857823745
              ],
              [
                -71.11705598650826,
                42.38956256508668
              ],
              [
                -71.11706173242122,
                42.38955945247908
              ],
              [
                -71.11708918604802,
                42.389544582241584
              ],
              [
                -71.11711934387056,
                42.38952824693101
              ],
              [
                -71.11716744141917,
                42.38950219470541
              ],
              [
                -71.11720785281119,
                42.38948030603296
              ],
              [
                -71.11726471152768,
                42.389449507721
              ],
              [
                -71.11728350127864,
                42.38943911077657
              ],
              [
                -71.11731251686855,
                42.38942305464495
              ],
              [
                -71.11738794707159,
                42.38938131568338
              ],
              [
                -71.11744190474633,
                42.3893531706339
              ],
              [
                -71.11750425800321,
                42.389320647055456
              ],
              [
                -71.1175573164218,
                42.38929297137873
              ],
              [
                -71.11757214917746,
                42.389285002227695
              ],
              [
                -71.1176422189954,
                42.3892473565673
              ],
              [
                -71.11773606393828,
                42.3891969367633
              ],
              [
                -71.11773969931716,
                42.38919498342073
              ],
              [
                -71.11780391366416,
                42.389161413184475
              ],
              [
                -71.1178799785193,
                42.38912164774108
              ],
              [
                -71.11790535907892,
                42.389108379164526
              ],
              [
                -71.11793101585073,
                42.389094966302565
              ],
              [
                -71.11797789502408,
                42.38906972300568
              ],
              [
                -71.11797711691842,
                42.38906871719526
              ],
              [
                -71.11795303438748,
                42.38903758664818
              ],
              [
                -71.11791738664287,
                42.3889915076444
              ],
              [
                -71.11790148939167,
                42.388970957878136
              ],
              [
                -71.11782965401518,
                42.38887810098097
              ],
              [
                -71.11781694879349,
                42.38886167729757
              ],
              [
                -71.1177906405614,
                42.388827669576706
              ],
              [
                -71.11775842020955,
                42.38878602041867
              ],
              [
                -71.11774296386459,
                42.388766040782166
              ],
              [
                -71.11770992335786,
                42.388723427217975
              ],
              [
                -71.11768901436271,
                42.38869646105326
              ],
              [
                -71.11766060737237,
                42.38865982383797
              ],
              [
                -71.11763048575736,
                42.38862097560615
              ],
              [
                -71.11757418950486,
                42.38854836939666
              ],
              [
                -71.11756963564723,
                42.38854249587727
              ],
              [
                -71.11755965898809,
                42.388529628564015
              ],
              [
                -71.11754450317221,
                42.388510082332715
              ],
              [
                -71.11750089549632,
                42.38845384029858
              ],
              [
                -71.11747077830358,
                42.38841499729792
              ],
              [
                -71.11746233676156,
                42.38840411049529
              ],
              [
                -71.11743512359199,
                42.388369012806265
              ],
              [
                -71.11744089116652,
                42.388366169602364
              ],
              [
                -71.11751909679187,
                42.388327619381194
              ],
              [
                -71.11760092670606,
                42.388287283023764
              ],
              [
                -71.11762140392214,
                42.388277188863896
              ],
              [
                -71.11770269417681,
                42.388237118413386
              ],
              [
                -71.1177464266092,
                42.3882155609634
              ],
              [
                -71.1177809066016,
                42.38819856435425
              ],
              [
                -71.1178030336614,
                42.38818765706816
              ],
              [
                -71.11790336361261,
                42.38813845548534
              ],
              [
                -71.1179636921884,
                42.38810887043038
              ],
              [
                -71.11803253982535,
                42.38807510711987
              ],
              [
                -71.1180588896268,
                42.38806202322154
              ],
              [
                -71.11807864609786,
                42.38805221329936
              ],
              [
                -71.11817348219721,
                42.38800512332732
              ],
              [
                -71.11817239661275,
                42.38800403442967
              ],
              [
                -71.11816800489594,
                42.38799962974995
              ],
              [
                -71.11813726500836,
                42.38796879962445
              ],
              [
                -71.11812927725306,
                42.387960788856105
              ],
              [
                -71.11805648326624,
                42.38788778195803
              ],
              [
                -71.11802904254985,
                42.38786026072579
              ],
              [
                -71.11799409238922,
                42.38782520744772
              ],
              [
                -71.11798295092072,
                42.38781403342357
              ],
              [
                -71.11796382527194,
                42.38779485178626
              ],
              [
                -71.11783027829456,
                42.38766091223933
              ],
              [
                -71.11781770990451,
                42.38764830779239
              ],
              [
                -71.11774647128154,
                42.38757685988601
              ],
              [
                -71.11772620660233,
                42.38755653494243
              ],
              [
                -71.11768855660527,
                42.387518774352884
              ],
              [
                -71.11766807893521,
                42.38749823668225
              ],
              [
                -71.11768367155237,
                42.38750524743079
              ],
              [
                -71.11768425796373,
                42.38750555976428
              ],
              [
                -71.11770918713924,
                42.38751884290085
              ],
              [
                -71.11772822392017,
                42.38752898629707
              ],
              [
                -71.11844029887347,
                42.3879083923832
              ],
              [
                -71.11845505927167,
                42.38791598789324
              ],
              [
                -71.11846982038627,
                42.38792358287763
              ],
              [
                -71.1184845849338,
                42.3879304918682
              ],
              [
                -71.11849934534565,
                42.387938086846425
              ],
              [
                -71.11851411060623,
                42.38794499636157
              ],
              [
                -71.11852910650654,
                42.38795190611341
              ],
              [
                -71.1185440989813,
                42.387959501855214
              ],
              [
                -71.11855909488827,
                42.38796641160311
              ],
              [
                -71.11857409079535,
                42.38797332187509
              ],
              [
                -71.11858931876151,
                42.387980232388244
              ],
              [
                -71.11860454602134,
                42.38798714289708
              ],
              [
                -71.11861977742217,
                42.38799336741425
              ],
              [
                -71.11863500539815,
                42.38800027792134
              ],
              [
                -71.11865046814499,
                42.3880065037273
              ],
              [
                -71.11866569612755,
                42.388013414230294
              ],
              [
                -71.11868115888379,
                42.388019639506034
              ],
              [
                -71.11869661750636,
                42.38802655076926
              ],
              [
                -71.11945210038414,
                42.388314434537754
              ],
              [
                -71.1196455329776,
                42.38838779204789
              ],
              [
                -71.11985136339663,
                42.38843855156008
              ],
              [
                -71.11986868608909,
                42.38844341081346
              ],
              [
                -71.11988578085374,
                42.38844758330802
              ],
              [
                -71.1199028763303,
                42.38845175580244
              ],
              [
                -71.11991997109945,
                42.38845592829191
              ],
              [
                -71.11993706245714,
                42.388460786770835
              ],
              [
                -71.11995438857576,
                42.388464960019355
              ],
              [
                -71.11997148334872,
                42.388469133027236
              ],
              [
                -71.11998881018157,
                42.38847330627298
              ],
              [
                -71.12000590496221,
                42.38847747874966
              ],
              [
                -71.12002323179962,
                42.3884816519902
              ],
              [
                -71.12004032658474,
                42.38848582446176
              ],
              [
                -71.12005765342671,
                42.388489997697114
              ],
              [
                -71.12007497956131,
                42.38849417092746
              ],
              [
                -71.12009231052635,
                42.38849765869404
              ],
              [
                -71.1201096366653,
                42.38850183191915
              ],
              [
                -71.12012696280658,
                42.388506005141686
              ],
              [
                -71.12014429378088,
                42.38850949237438
              ],
              [
                -71.12016161992653,
                42.38851366559164
              ],
              [
                -71.12017894678412,
                42.388517838808696
              ],
              [
                -71.12019627705489,
                42.38852132603115
              ],
              [
                -71.12021360391371,
                42.38852549976905
              ],
              [
                -71.12023093418848,
                42.38852898698628
              ],
              [
                -71.12024849651985,
                42.38853247496683
              ],
              [
                -71.12026582267868,
                42.388536648168426
              ],
              [
                -71.12028315295936,
                42.38854013537778
              ],
              [
                -71.12030071529672,
                42.388543623350344
              ],
              [
                -71.12031804146204,
                42.38854779654406
              ],
              [
                -71.12033560380343,
                42.388551284511266
              ],
              [
                -71.12035293408883,
                42.388554772236205
              ],
              [
                -71.12037049643409,
                42.38855826019809
              ],
              [
                -71.12038805807163,
                42.38856174815494
              ],
              [
                -71.12040562042075,
                42.38856523611149
              ],
              [
                -71.12042295071701,
                42.388568723299805
              ],
              [
                -71.12044051307,
                42.38857221125097
              ],
              [
                -71.12045807471527,
                42.38857569919714
              ],
              [
                -71.12047564048004,
                42.388578501151045
              ],
              [
                -71.12049320283865,
                42.3885819890942
              ],
              [
                -71.12051076448638,
                42.38858547755835
              ],
              [
                -71.12052832684887,
                42.38858896549614
              ],
              [
                -71.12054589262037,
                42.38859176743932
              ],
              [
                -71.12056345498655,
                42.38859525537173
              ],
              [
                -71.12058125210669,
                42.38859805807241
              ],
              [
                -71.12059881447651,
                42.3886015459994
              ],
              [
                -71.1206163802547,
                42.388604347931825
              ],
              [
                -71.12147774511176,
                42.388753306120115
              ],
              [
                -71.12267564967038,
                42.388955499237106
              ],
              [
                -71.12349705757948,
                42.38909470718524
              ],
              [
                -71.12434967800411,
                42.38923812717606
              ],
              [
                -71.12536709311023,
                42.38940951814533
              ],
              [
                -71.12690615202072,
                42.38967177465229
              ],
              [
                -71.12782764944775,
                42.38982911216905
              ],
              [
                -71.12883190053792,
                42.38999974383467
              ],
              [
                -71.1297407000045,
                42.39015428101628
              ],
              [
                -71.13044311914317,
                42.39027110368255
              ],
              [
                -71.13107547984323,
                42.390380837421624
              ],
              [
                -71.13204877844402,
                42.390545853668534
              ],
              [
                -71.13303664614239,
                42.39071296560556
              ],
              [
                -71.1337342072298,
                42.39083181064057
              ],
              [
                -71.13413800404149,
                42.39089963906442
              ],
              [
                -71.13440704707864,
                42.39094508487368
              ],
              [
                -71.13464119098184,
                42.390984245750644
              ],
              [
                -71.13479767003135,
                42.391010810585904
              ],
              [
                -71.13620205898592,
                42.391249190832355
              ],
              [
                -71.13688091900575,
                42.3913631550702
              ],
              [
                -71.13765431385347,
                42.39149387812445
              ],
              [
                -71.13926560056012,
                42.39176648631781
              ],
              [
                -71.13933633072392,
                42.39177837059438
              ],
              [
                -71.13998584239096,
                42.391888108460456
              ],
              [
                -71.14051955376692,
                42.39197827288554
              ],
              [
                -71.14103616173576,
                42.3920656374666
              ],
              [
                -71.1415377469653,
                42.39215020891645
              ],
              [
                -71.14162673658042,
                42.39216557867152
              ],
              [
                -71.14262436810006,
                42.392333325010384
              ],
              [
                -71.14325817033239,
                42.39244093755962
              ],
              [
                -71.143912292611,
                42.39255615603704
              ],
              [
                -71.14392985665702,
                42.392559640397394
              ],
              [
                -71.1439474214147,
                42.392563124757245
              ],
              [
                -71.14396498546162,
                42.392566609638315
              ],
              [
                -71.14398231886308,
                42.392570093277
              ],
              [
                -71.14399988677937,
                42.39257289163691
              ],
              [
                -71.14401745154458,
                42.39257637598605
              ],
              [
                -71.1440347842419,
                42.392579859614635
              ],
              [
                -71.14405234443933,
                42.39258402994605
              ],
              [
                -71.14406967785034,
                42.39258751357154
              ],
              [
                -71.1440872419138,
                42.39259099790785
              ],
              [
                -71.14410480668589,
                42.39259448276976
              ],
              [
                -71.14412213939298,
                42.39259796638513
              ],
              [
                -71.14413970417189,
                42.39260145071563
              ],
              [
                -71.14415703688282,
                42.39260493432578
              ],
              [
                -71.14417460166558,
                42.39260841865096
              ],
              [
                -71.1441919305199,
                42.39261258824556
              ],
              [
                -71.14420926323676,
                42.39261607184786
              ],
              [
                -71.1442268280255,
                42.39261955616503
              ],
              [
                -71.14424416074324,
                42.392623040288086
              ],
              [
                -71.14426149031586,
                42.39262720987445
              ],
              [
                -71.14427905440085,
                42.392630694181406
              ],
              [
                -71.14429638783719,
                42.39263417777275
              ],
              [
                -71.14431371670659,
                42.39263834734903
              ],
              [
                -71.14433105014693,
                42.3926418309351
              ],
              [
                -71.14434861038107,
                42.39264600122125
              ],
              [
                -71.14436594382543,
                42.39264948480209
              ],
              [
                -71.14438327270067,
                42.39265365489391
              ],
              [
                -71.14440060543933,
                42.39265713846735
              ],
              [
                -71.1444179350316,
                42.39266130803009
              ],
              [
                -71.14443526777428,
                42.392664791598285
              ],
              [
                -71.14445259737089,
                42.392668961155785
              ],
              [
                -71.14446993011755,
                42.39267244471875
              ],
              [
                -71.1444872597186,
                42.39267661427106
              ],
              [
                -71.14450458861222,
                42.39268078381852
              ],
              [
                -71.14452192207176,
                42.39268426790191
              ],
              [
                -71.14453925096977,
                42.392688437444164
              ],
              [
                -71.14455657987006,
                42.39269260698382
              ],
              [
                -71.14457368197812,
                42.39269608981862
              ],
              [
                -71.14459101088278,
                42.39270025935309
              ],
              [
                -71.14460787777823,
                42.392704427457986
              ],
              [
                -71.14462474396625,
                42.39270859555825
              ],
              [
                -71.14464137950259,
                42.392712763469774
              ],
              [
                -71.14465824955045,
                42.39271624557534
              ],
              [
                -71.14467488509396,
                42.39272041295595
              ],
              [
                -71.14469175129067,
                42.39272458104637
              ],
              [
                -71.14470838612887,
                42.39272874841991
              ],
              [
                -71.14472525303972,
                42.39273291650761
              ],
              [
                -71.14474188788233,
                42.39273708387631
              ],
              [
                -71.14475875479465,
                42.392741252485166
              ],
              [
                -71.14477538964167,
                42.392745419849014
              ],
              [
                -71.14479202520057,
                42.39274958721269
              ],
              [
                -71.14480889141278,
                42.392753755285874
              ],
              [
                -71.14482552626644,
                42.392757922642495
              ],
              [
                -71.14484216183196,
                42.392762089998854
              ],
              [
                -71.14485902805076,
                42.39276625806473
              ],
              [
                -71.14487566361777,
                42.392770425942324
              ],
              [
                -71.1448922946273,
                42.39277527927901
              ],
              [
                -71.14490893020177,
                42.39277944662572
              ],
              [
                -71.14492556506877,
                42.39278361396785
              ],
              [
                -71.14494289016831,
                42.39278846943897
              ],
              [
                -71.14495998847146,
                42.392792638206096
              ],
              [
                -71.14497731357315,
                42.39279749419809
              ],
              [
                -71.14499463939012,
                42.39280234966358
              ],
              [
                -71.14501173313914,
                42.392807204410545
              ],
              [
                -71.14502905896147,
                42.39281205987085
              ],
              [
                -71.14504615271576,
                42.392816914612716
              ],
              [
                -71.14506324718239,
                42.3928217693542
              ],
              [
                -71.14508057229999,
                42.39282662533062
              ],
              [
                -71.14509766606217,
                42.39283148006477
              ],
              [
                -71.14511476053663,
                42.39283633479858
              ],
              [
                -71.14513185430407,
                42.39284118952769
              ],
              [
                -71.14514918014494,
                42.39284604496987
              ],
              [
                -71.14516627391764,
                42.392850899693805
              ],
              [
                -71.14518336839967,
                42.392855754943454
              ],
              [
                -71.14520046217761,
                42.39286060966233
              ],
              [
                -71.1452175566679,
                42.39286546438087
              ],
              [
                -71.1452346504511,
                42.392870319094634
              ],
              [
                -71.14525174423693,
                42.39287517380584
              ],
              [
                -71.14526883488625,
                42.39288071450649
              ],
              [
                -71.14528592867455,
                42.392885569738674
              ],
              [
                -71.14530302317816,
                42.39289042444445
              ],
              [
                -71.14531988561335,
                42.39289527843241
              ],
              [
                -71.14533697627412,
                42.39290081912287
              ],
              [
                -71.14535407007605,
                42.39290567381886
              ],
              [
                -71.14537092938124,
                42.39291121379121
              ],
              [
                -71.14538802318565,
                42.39291606900824
              ],
              [
                -71.1454051169956,
                42.39292092369659
              ],
              [
                -71.14542197630935,
                42.39292646366147
              ],
              [
                -71.14543907012474,
                42.392931318344786
              ],
              [
                -71.14545592944428,
                42.39293685830466
              ],
              [
                -71.14547302326508,
                42.392941712982974
              ],
              [
                -71.14548988258736,
                42.392947253463916
              ],
              [
                -71.14550674120588,
                42.39295279341412
              ],
              [
                -71.14552383503485,
                42.39295764808487
              ],
              [
                -71.14554046300731,
                42.3929631873196
              ],
              [
                -71.14555732163444,
                42.3929687272624
              ],
              [
                -71.14557418097138,
                42.39297426773093
              ],
              [
                -71.14559080824284,
                42.39297980695617
              ],
              [
                -71.14560767143372,
                42.392984660904034
              ],
              [
                -71.14562429871086,
                42.39299020012444
              ],
              [
                -71.14564115806233,
                42.39299574005709
              ],
              [
                -71.14565778534237,
                42.39300127979869
              ],
              [
                -71.14567464014561,
                42.39300750571399
              ],
              [
                -71.14569126814433,
                42.39301304492687
              ],
              [
                -71.14570789543632,
                42.39301858413513
              ],
              [
                -71.14572452344088,
                42.3930241233432
              ],
              [
                -71.14574115073567,
                42.39302966307274
              ],
              [
                -71.1457580101079,
                42.393035202988216
              ],
              [
                -71.1457746335682,
                42.39304142817659
              ],
              [
                -71.1457910295131,
                42.3930469666606
              ],
              [
                -71.1458076575324,
                42.39305250585661
              ],
              [
                -71.14582428099918,
                42.39305873156381
              ],
              [
                -71.14584090902449,
                42.393064270755
              ],
              [
                -71.14585753634304,
                42.3930698099416
              ],
              [
                -71.14587392917,
                42.393076034405695
              ],
              [
                -71.14589055649455,
                42.393081573587494
              ],
              [
                -71.14590694861515,
                42.39308779857073
              ],
              [
                -71.14592357665533,
                42.39309333774993
              ],
              [
                -71.14593996878519,
                42.39309956220241
              ],
              [
                -71.14595636162798,
                42.39310578665475
              ],
              [
                -71.14597298896757,
                42.3931113258246
              ],
              [
                -71.14598938181372,
                42.393117550798216
              ],
              [
                -71.1460057739563,
                42.393123775241286
              ],
              [
                -71.14602216994282,
                42.393129313692256
              ],
              [
                -71.14603856280141,
                42.39313553813283
              ],
              [
                -71.14605495495351,
                42.39314176256881
              ],
              [
                -71.1460713478156,
                42.39314798753077
              ],
              [
                -71.14608773997418,
                42.39315421196212
              ],
              [
                -71.14610390077371,
                42.39316043567952
              ],
              [
                -71.14612029364842,
                42.3931666601084
              ],
              [
                -71.14613668581669,
                42.39317288453274
              ],
              [
                -71.14615284733259,
                42.39317910877151
              ],
              [
                -71.14616923950723,
                42.3931853331912
              ],
              [
                -71.14618540103245,
                42.39319155689933
              ],
              [
                -71.14620179321354,
                42.39319778131437
              ],
              [
                -71.14621772267007,
                42.39320400483046
              ],
              [
                -71.14623388420485,
                42.39321022853175
              ],
              [
                -71.14624981367061,
                42.39321645151734
              ],
              [
                -71.14626597521172,
                42.39322267521408
              ],
              [
                -71.14628190468379,
                42.3932288981952
              ],
              [
                -71.14629783415604,
                42.393235121700194
              ],
              [
                -71.14631399570659,
                42.39324134539015
              ],
              [
                -71.14632992518808,
                42.393247568364615
              ],
              [
                -71.14634585538242,
                42.39325379133902
              ],
              [
                -71.1463617848702,
                42.39326001430903
              ],
              [
                -71.14637771123108,
                42.393266923794805
              ],
              [
                -71.1463936407253,
                42.3932731467604
              ],
              [
                -71.1464093388599,
                42.393279369012795
              ],
              [
                -71.1464252652338,
                42.39328627796591
              ],
              [
                -71.14644119473462,
                42.393292501450915
              ],
              [
                -71.1464568897525,
                42.393299409688765
              ],
              [
                -71.14647281926268,
                42.393305632643326
              ],
              [
                -71.14648851357762,
                42.39331254087462
              ],
              [
                -71.14650444380395,
                42.39331876382699
              ],
              [
                -71.1465201381226,
                42.39332567257999
              ],
              [
                -71.14653583699244,
                42.39333189481731
              ],
              [
                -71.14655153132077,
                42.393338803039924
              ],
              [
                -71.14656722565248,
                42.39334571126047
              ],
              [
                -71.146582924529,
                42.393351934017325
              ],
              [
                -71.14659861886746,
                42.393358842233575
              ],
              [
                -71.146614313919,
                42.39336575044979
              ],
              [
                -71.14662977690128,
                42.3933726579512
              ],
              [
                -71.14664547508087,
                42.393378880697334
              ],
              [
                -71.14666117014256,
                42.39338578890715
              ],
              [
                -71.14667663313486,
                42.39339269640222
              ],
              [
                -71.14669232820332,
                42.39339960460779
              ],
              [
                -71.14670779119946,
                42.39340651262473
              ],
              [
                -71.1486177720525,
                42.39432064294729
              ],
              [
                -71.14887230688792,
                42.394441472234305
              ],
              [
                -71.14888799793444,
                42.39444906665219
              ],
              [
                -71.14890346213974,
                42.394455973848466
              ],
              [
                -71.14891915319652,
                42.39446356773601
              ],
              [
                -71.14893484877585,
                42.39447047563396
              ],
              [
                -71.14895030846996,
                42.39447806933743
              ],
              [
                -71.1489660040563,
                42.394484977231095
              ],
              [
                -71.1489816951278,
                42.3944925711101
              ],
              [
                -71.14899739001149,
                42.394499478997275
              ],
              [
                -71.14901308560536,
                42.39450638741053
              ],
              [
                -71.14902878049591,
                42.39451329529347
              ],
              [
                -71.14904447229169,
                42.39452088916597
              ],
              [
                -71.14906016718923,
                42.394527797044596
              ],
              [
                -71.14907609345464,
                42.39453470615266
              ],
              [
                -71.14909178906883,
                42.394541614029066
              ],
              [
                -71.14910748397666,
                42.39454852190119
              ],
              [
                -71.14912341096512,
                42.39455543047875
              ],
              [
                -71.14913933724439,
                42.39456233957807
              ],
              [
                -71.14915503216262,
                42.394569247443634
              ],
              [
                -71.14917095916144,
                42.39457615601465
              ],
              [
                -71.14918688545406,
                42.394583064581234
              ],
              [
                -71.14920281245989,
                42.394589973147795
              ],
              [
                -71.14921873875655,
                42.394596882236044
              ],
              [
                -71.14923466505961,
                42.394603790795976
              ],
              [
                -71.14925059207587,
                42.39461069935591
              ],
              [
                -71.1492665183859,
                42.3946176079114
              ],
              [
                -71.14928268057915,
                42.394623831708515
              ],
              [
                -71.14929860689598,
                42.39463074025956
              ],
              [
                -71.14931453392603,
                42.3946376488106
              ],
              [
                -71.14933069542238,
                42.39464387207271
              ],
              [
                -71.14934662174659,
                42.39465078114314
              ],
              [
                -71.1493627801547,
                42.394657690392464
              ],
              [
                -71.14937894166091,
                42.394663913647754
              ],
              [
                -71.1493948687081,
                42.39467082218762
              ],
              [
                -71.14941103022083,
                42.39467704543836
              ],
              [
                -71.14942718793004,
                42.394683955202545
              ],
              [
                -71.14944335015905,
                42.394690178450894
              ],
              [
                -71.14945950787806,
                42.39469708768443
              ],
              [
                -71.14947567011362,
                42.394703310928264
              ],
              [
                -71.14949206300764,
                42.39470953539841
              ],
              [
                -71.14950822524958,
                42.39471575863765
              ],
              [
                -71.14952461815295,
                42.39472198257707
              ],
              [
                -71.14954077969153,
                42.39472820580955
              ],
              [
                -71.1495571733111,
                42.39473442974652
              ],
              [
                -71.14957356622126,
                42.39474065420501
              ],
              [
                -71.14958972847917,
                42.394746877432766
              ],
              [
                -71.14960612139865,
                42.39475310136056
              ],
              [
                -71.14962251812301,
                42.39475863929641
              ],
              [
                -71.14963914312668,
                42.39476486392615
              ],
              [
                -71.14965553605282,
                42.39477108837293
              ],
              [
                -71.14967193349591,
                42.39477662630388
              ],
              [
                -71.14968855779942,
                42.39478285092427
              ],
              [
                -71.14970495524847,
                42.39478838885052
              ],
              [
                -71.14972157955546,
                42.394794613992175
              ],
              [
                -71.149738207669,
                42.394800152615765
              ],
              [
                -71.14975460132666,
                42.394806376524514
              ],
              [
                -71.14977122944624,
                42.394811915143336
              ],
              [
                -71.14978785827842,
                42.394817453761895
              ],
              [
                -71.14980448640092,
                42.39482299290195
              ],
              [
                -71.14982134280783,
                42.39482921820938
              ],
              [
                -71.14983797093926,
                42.394834756818526
              ],
              [
                -71.14985459907355,
                42.39484029542525
              ],
              [
                -71.14987145928896,
                42.394845834735705
              ],
              [
                -71.14988808742918,
                42.394851373337595
              ],
              [
                -71.14990494764757,
                42.39485691316916
              ],
              [
                -71.14992181096056,
                42.3948617664805
              ],
              [
                -71.14993843981905,
                42.394867305077234
              ],
              [
                -71.14995529933933,
                42.394872844373225
              ],
              [
                -71.14997215957224,
                42.39487838366887
              ],
              [
                -71.14998902289322,
                42.39488323749639
              ],
              [
                -71.15000588242218,
                42.394888776784946
              ],
              [
                -71.15002297403242,
                42.39489431677683
              ],
              [
                -71.15003983736446,
                42.39489917007079
              ],
              [
                -71.1500566976118,
                42.39490470935402
              ],
              [
                -71.1500737923179,
                42.394909563346616
              ],
              [
                -71.15009065636474,
                42.39491441716135
              ],
              [
                -71.15010774727966,
                42.39491995713847
              ],
              [
                -71.1501248419938,
                42.39492481112345
              ],
              [
                -71.15014170605146,
                42.39492966440465
              ],
              [
                -71.15015880077084,
                42.394934518384574
              ],
              [
                -71.15017589619961,
                42.39493937289019
              ],
              [
                -71.15019299092423,
                42.39494422686503
              ],
              [
                -71.15021008636121,
                42.394949080839474
              ],
              [
                -71.15022718109108,
                42.39495393480925
              ],
              [
                -71.1502445079022,
                42.394958789481834
              ],
              [
                -71.1502616026373,
                42.39496364344646
              ],
              [
                -71.15027869737214,
                42.39496849793462
              ],
              [
                -71.1502960241912,
                42.39497335259941
              ],
              [
                -71.15031312272842,
                42.39497752056682
              ],
              [
                -71.15060101228285,
                42.39505111222051
              ],
              [
                -71.15151304815582,
                42.395270658374955
              ],
              [
                -71.1526247992835,
                42.395527158902546
              ],
              [
                -71.15277315392792,
                42.39556190721925
              ],
              [
                -71.1534575986157,
                42.39568402270116
              ],
              [
                -71.15392255744,
                42.39574716309893
              ],
              [
                -71.15434804937314,
                42.39579234705162
              ],
              [
                -71.15461032454049,
                42.39581234257725
              ],
              [
                -71.15513425002742,
                42.395839982472275
              ],
              [
                -71.155401918951,
                42.395846958867274
              ],
              [
                -71.1560192052365,
                42.39585360771715
              ],
              [
                -71.1563437610912,
                42.3958557116359
              ],
              [
                -71.15641001107578,
                42.39585614093669
              ]
            ]
          ]
        ]
      },
      "properties": {
        "n_hood": "11",
        "name": "North Cambridge",
        "webpage": "https://www.cambridgema.gov/CDD/planud/neighplan/neighs/11",
        "_feature_id": "5"
      }
    },
    {
      "type": "Feature",
      "geometry": {
        "type": "MultiPolygon",
        "coordinates": [
          [
            [
              [
                -71.15650335506956,
                42.39574273338895
              ],
              [
                -71.15641001107578,
                42.39585614093669
              ],
              [
                -71.15601920491308,
                42.39585366716257
              ],
              [
                -71.15540191862699,
                42.39584701831272
              ],
              [
                -71.15513424970315,
                42.39584004191767
              ],
              [
                -71.15461032421572,
                42.39581240202266
              ],
              [
                -71.15434804904814,
                42.39579240649704
              ],
              [
                -71.1539225571146,
                42.39574722254432
              ],
              [
                -71.15345759828986,
                42.39568408214656
              ],
              [
                -71.15277315360146,
                42.395561966664665
              ],
              [
                -71.15262479895688,
                42.395527218347944
              ],
              [
                -71.15151304782816,
                42.39527071782036
              ],
              [
                -71.15060101195432,
                42.39505117166591
              ],
              [
                -71.15031312239964,
                42.39497758001222
              ],
              [
                -71.15029602386241,
                42.39497341204486
              ],
              [
                -71.15027869704332,
                42.39496855738002
              ],
              [
                -71.15026160230845,
                42.39496370289187
              ],
              [
                -71.15024450757335,
                42.39495884892726
              ],
              [
                -71.15022718076222,
                42.39495399425465
              ],
              [
                -71.15021008603233,
                42.39494914028492
              ],
              [
                -71.15019299059533,
                42.39494428631044
              ],
              [
                -71.15017589587069,
                42.39493943233558
              ],
              [
                -71.1501588004419,
                42.39493457782997
              ],
              [
                -71.15014170572252,
                42.394929723850055
              ],
              [
                -71.15012484166482,
                42.3949248705689
              ],
              [
                -71.15010774695068,
                42.394920016583875
              ],
              [
                -71.15009065603573,
                42.394914476606765
              ],
              [
                -71.15007379198889,
                42.394909622792035
              ],
              [
                -71.15005669728276,
                42.394904768799435
              ],
              [
                -71.15003983703541,
                42.394899229516206
              ],
              [
                -71.15002297370337,
                42.39489437622224
              ],
              [
                -71.1500058820931,
                42.394888836230336
              ],
              [
                -71.14998902256413,
                42.3948832969418
              ],
              [
                -71.14997215924313,
                42.394878443114294
              ],
              [
                -71.1499552990102,
                42.394872903818616
              ],
              [
                -71.1499384394899,
                42.394867364522646
              ],
              [
                -71.1499218106314,
                42.394861825925915
              ],
              [
                -71.14990494731839,
                42.394856972614605
              ],
              [
                -71.1498880871,
                42.39485143278299
              ],
              [
                -71.14987145895977,
                42.39484589418112
              ],
              [
                -71.14985459874434,
                42.39484035487065
              ],
              [
                -71.14983797061002,
                42.39483481626392
              ],
              [
                -71.14982134247857,
                42.394829277654786
              ],
              [
                -71.14980448607164,
                42.39482305234737
              ],
              [
                -71.14978785794912,
                42.3948175132073
              ],
              [
                -71.14977122911694,
                42.394811974588734
              ],
              [
                -71.14975460099734,
                42.39480643596992
              ],
              [
                -71.14973820733968,
                42.39480021206123
              ],
              [
                -71.14972157922612,
                42.39479467343763
              ],
              [
                -71.1497049549191,
                42.39478844829593
              ],
              [
                -71.14968855747006,
                42.394782910369685
              ],
              [
                -71.14967193316653,
                42.39477668574929
              ],
              [
                -71.14965553572341,
                42.39477114781833
              ],
              [
                -71.14963914279724,
                42.39476492337157
              ],
              [
                -71.14962251779357,
                42.394758698741825
              ],
              [
                -71.1496061210692,
                42.39475316080597
              ],
              [
                -71.1495897281497,
                42.39474693687817
              ],
              [
                -71.14957356589179,
                42.394740713650464
              ],
              [
                -71.14955717298159,
                42.39473448919194
              ],
              [
                -71.14954077936201,
                42.39472826525495
              ],
              [
                -71.14952461782342,
                42.394722042022515
              ],
              [
                -71.14950822492003,
                42.39471581808305
              ],
              [
                -71.14949206267809,
                42.39470959484383
              ],
              [
                -71.14947566978402,
                42.394703370373676
              ],
              [
                -71.14945950754847,
                42.39469714712983
              ],
              [
                -71.14944334982944,
                42.3946902378963
              ],
              [
                -71.14942718760042,
                42.39468401464796
              ],
              [
                -71.1494110298912,
                42.39467710488381
              ],
              [
                -71.14939486837845,
                42.39467088163303
              ],
              [
                -71.14937894133125,
                42.39466397309318
              ],
              [
                -71.14936277982503,
                42.39465774983792
              ],
              [
                -71.14934662141688,
                42.39465084058856
              ],
              [
                -71.14933069509267,
                42.394643931518125
              ],
              [
                -71.1493145335963,
                42.39463770825602
              ],
              [
                -71.14929860656625,
                42.39463079970501
              ],
              [
                -71.14928268024939,
                42.39462389115394
              ],
              [
                -71.14926651805612,
                42.39461766735685
              ],
              [
                -71.1492505917461,
                42.394610758801306
              ],
              [
                -71.1492346647298,
                42.394603850241424
              ],
              [
                -71.14921873842674,
                42.394596941681435
              ],
              [
                -71.14920281213006,
                42.39459003259321
              ],
              [
                -71.14918688512421,
                42.39458312402662
              ],
              [
                -71.14917095883158,
                42.39457621546006
              ],
              [
                -71.14915503183275,
                42.394569306889046
              ],
              [
                -71.14913933691452,
                42.39456239902348
              ],
              [
                -71.14912341063521,
                42.39455548992422
              ],
              [
                -71.14910748364674,
                42.39454858134659
              ],
              [
                -71.1490917887389,
                42.39454167347451
              ],
              [
                -71.14907609312468,
                42.39453476559806
              ],
              [
                -71.14906016685926,
                42.39452785648998
              ],
              [
                -71.14904447196172,
                42.39452094861138
              ],
              [
                -71.14902878016592,
                42.39451335473886
              ],
              [
                -71.14901308527534,
                42.39450644685599
              ],
              [
                -71.14899738968147,
                42.39449953844267
              ],
              [
                -71.14898169479775,
                42.39449263055549
              ],
              [
                -71.14896600372624,
                42.39448503667655
              ],
              [
                -71.1489503081399,
                42.39447812878285
              ],
              [
                -71.14893484844578,
                42.39447053507938
              ],
              [
                -71.14891915286641,
                42.394463627181445
              ],
              [
                -71.14890346180962,
                42.394456033293885
              ],
              [
                -71.1488879976043,
                42.39444912609762
              ],
              [
                -71.14887230655778,
                42.394441531679725
              ],
              [
                -71.14861777172212,
                42.39432070239271
              ],
              [
                -71.14670779086728,
                42.39340657207015
              ],
              [
                -71.14669232787115,
                42.393399664053206
              ],
              [
                -71.14667663280265,
                42.39339275584764
              ],
              [
                -71.14666116981036,
                42.39338584835259
              ],
              [
                -71.14664547474864,
                42.393378940142746
              ],
              [
                -71.14662977656903,
                42.39337271739663
              ],
              [
                -71.14661431358675,
                42.39336580989525
              ],
              [
                -71.1465986185352,
                42.39335890167899
              ],
              [
                -71.14658292419672,
                42.39335199346279
              ],
              [
                -71.14656722532018,
                42.39334577070589
              ],
              [
                -71.14655153098846,
                42.393338862485415
              ],
              [
                -71.14653583666012,
                42.39333195426271
              ],
              [
                -71.14652013779023,
                42.39332573202544
              ],
              [
                -71.14650444347158,
                42.39331882327241
              ],
              [
                -71.14648851324525,
                42.39331260032003
              ],
              [
                -71.14647281893029,
                42.39330569208876
              ],
              [
                -71.1464568894201,
                42.39329946913418
              ],
              [
                -71.1464411944022,
                42.39329256089638
              ],
              [
                -71.14642526490137,
                42.39328633741131
              ],
              [
                -71.14640933852743,
                42.39327942845825
              ],
              [
                -71.14639364039283,
                42.3932732062058
              ],
              [
                -71.14637771089862,
                42.393266983240224
              ],
              [
                -71.14636178453769,
                42.39326007375447
              ],
              [
                -71.14634585504992,
                42.393253850784454
              ],
              [
                -71.14632992485556,
                42.393247627810034
              ],
              [
                -71.14631399537404,
                42.39324140483562
              ],
              [
                -71.14629783382348,
                42.39323518114563
              ],
              [
                -71.14628190435121,
                42.39322895764062
              ],
              [
                -71.14626597487913,
                42.393222734659545
              ],
              [
                -71.14624981333802,
                42.39321651096276
              ],
              [
                -71.14623388387221,
                42.393210287977176
              ],
              [
                -71.14621772233744,
                42.393204064275885
              ],
              [
                -71.1462017928809,
                42.393197840759804
              ],
              [
                -71.14618540069979,
                42.393191616344765
              ],
              [
                -71.14616923917457,
                42.39318539263662
              ],
              [
                -71.1461528469999,
                42.39317916821697
              ],
              [
                -71.14613668548398,
                42.393172943978165
              ],
              [
                -71.14612029331569,
                42.393166719553825
              ],
              [
                -71.14610390044098,
                42.39316049512499
              ],
              [
                -71.14608773964143,
                42.39315427140753
              ],
              [
                -71.14607134748285,
                42.393148046976194
              ],
              [
                -71.14605495462072,
                42.39314182201428
              ],
              [
                -71.14603856246862,
                42.39313559757825
              ],
              [
                -71.14602216960999,
                42.393129373137675
              ],
              [
                -71.14600577362347,
                42.393123834686705
              ],
              [
                -71.14598938148086,
                42.39311761024364
              ],
              [
                -71.1459729886347,
                42.39311138527
              ],
              [
                -71.1459563612951,
                42.39310584610015
              ],
              [
                -71.1459399684523,
                42.393099621647835
              ],
              [
                -71.14592357632243,
                42.393093397195365
              ],
              [
                -71.14590694828222,
                42.39308785801615
              ],
              [
                -71.1458905561616,
                42.39308163303293
              ],
              [
                -71.14587392883705,
                42.39307609385113
              ],
              [
                -71.14585753601008,
                42.39306986938702
              ],
              [
                -71.1458409086915,
                42.39306433020041
              ],
              [
                -71.14582428066618,
                42.39305879100922
              ],
              [
                -71.14580765719938,
                42.393052565302035
              ],
              [
                -71.14579102918006,
                42.39304702610603
              ],
              [
                -71.14577463323515,
                42.39304148762202
              ],
              [
                -71.14575800977484,
                42.393035262433656
              ],
              [
                -71.1457411504026,
                42.39302972251816
              ],
              [
                -71.14572452310777,
                42.39302418278863
              ],
              [
                -71.14570789510321,
                42.393018643580554
              ],
              [
                -71.14569126781122,
                42.393013104372265
              ],
              [
                -71.14567463981247,
                42.39300756515941
              ],
              [
                -71.1456577850092,
                42.39300133924413
              ],
              [
                -71.14564115772916,
                42.392995799502515
              ],
              [
                -71.14562429837767,
                42.392990259569864
              ],
              [
                -71.14560767110052,
                42.39298472034947
              ],
              [
                -71.14559080790963,
                42.39297986640163
              ],
              [
                -71.14557418063815,
                42.392974327176375
              ],
              [
                -71.1455573213012,
                42.39296878670782
              ],
              [
                -71.14554046267403,
                42.39296324676503
              ],
              [
                -71.14552383470156,
                42.39295770753028
              ],
              [
                -71.14550674087259,
                42.39295285285958
              ],
              [
                -71.14548988225404,
                42.39294731290936
              ],
              [
                -71.14547302293175,
                42.392941772428415
              ],
              [
                -71.14545592911094,
                42.392936917750134
              ],
              [
                -71.14543906979138,
                42.392931377790255
              ],
              [
                -71.14542197597598,
                42.3929265231069
              ],
              [
                -71.14540511666222,
                42.392920983142034
              ],
              [
                -71.14538802285223,
                42.392916128453635
              ],
              [
                -71.14537092904783,
                42.39291127323664
              ],
              [
                -71.14535406974261,
                42.39290573326429
              ],
              [
                -71.14533697594067,
                42.39290087856829
              ],
              [
                -71.14531988527987,
                42.392895337877825
              ],
              [
                -71.14530302284467,
                42.392890483889914
              ],
              [
                -71.14528592834107,
                42.39288562918409
              ],
              [
                -71.14526883455274,
                42.3928807739519
              ],
              [
                -71.1452517439034,
                42.39287523325126
              ],
              [
                -71.14523465011754,
                42.39287037854004
              ],
              [
                -71.14521755633434,
                42.3928655238263
              ],
              [
                -71.14520046184404,
                42.3928606691078
              ],
              [
                -71.14518336806607,
                42.3928558143889
              ],
              [
                -71.14516627358402,
                42.392850959139224
              ],
              [
                -71.1451491798113,
                42.39284610441529
              ],
              [
                -71.14513185397043,
                42.3928412489731
              ],
              [
                -71.14511476020297,
                42.39283639424404
              ],
              [
                -71.1450976657285,
                42.39283153951019
              ],
              [
                -71.1450805719663,
                42.39282668477604
              ],
              [
                -71.14506324684868,
                42.39282182879961
              ],
              [
                -71.14504615238202,
                42.39281697405815
              ],
              [
                -71.14502905862773,
                42.39281211931632
              ],
              [
                -71.14501173280537,
                42.39280726385598
              ],
              [
                -71.14499463905634,
                42.39280240910901
              ],
              [
                -71.14497731323935,
                42.39279755364352
              ],
              [
                -71.14495998813763,
                42.39279269765152
              ],
              [
                -71.14494288983448,
                42.39278852888438
              ],
              [
                -71.14492556473493,
                42.39278367341327
              ],
              [
                -71.1449089298679,
                42.392779506071186
              ],
              [
                -71.14489229429341,
                42.392775338724434
              ],
              [
                -71.14487566328387,
                42.39277048538775
              ],
              [
                -71.14485902771685,
                42.39276631751015
              ],
              [
                -71.14484216149803,
                42.39276214944428
              ],
              [
                -71.14482552593252,
                42.392757982087915
              ],
              [
                -71.14480889107884,
                42.39275381473129
              ],
              [
                -71.14479202486662,
                42.392749646658125
              ],
              [
                -71.14477538930768,
                42.39274547929444
              ],
              [
                -71.14475875446065,
                42.39274131193059
              ],
              [
                -71.1447418875483,
                42.39273714332178
              ],
              [
                -71.14472525270568,
                42.392732975953045
              ],
              [
                -71.14470838579483,
                42.392728807865375
              ],
              [
                -71.1446917509566,
                42.392724640491785
              ],
              [
                -71.14467488475988,
                42.392720472401415
              ],
              [
                -71.14465824921635,
                42.392716305020784
              ],
              [
                -71.14464137916848,
                42.392712822915215
              ],
              [
                -71.14462474363212,
                42.39270865500367
              ],
              [
                -71.14460787744409,
                42.392704486903455
              ],
              [
                -71.14459101054861,
                42.392700318798525
              ],
              [
                -71.14457368164395,
                42.3926961492641
              ],
              [
                -71.14455657953587,
                42.392692666429234
              ],
              [
                -71.14453925063556,
                42.392688496889576
              ],
              [
                -71.14452192173754,
                42.39268432734734
              ],
              [
                -71.14450458827798,
                42.39268084326395
              ],
              [
                -71.14448725938435,
                42.392676673716466
              ],
              [
                -71.1444699297833,
                42.39267250416417
              ],
              [
                -71.1444525970366,
                42.39266902060125
              ],
              [
                -71.14443526743997,
                42.3926648510437
              ],
              [
                -71.14441793469729,
                42.392661367475505
              ],
              [
                -71.14440060510499,
                42.39265719791277
              ],
              [
                -71.14438327236631,
                42.392653714339346
              ],
              [
                -71.14436594349107,
                42.39264954424751
              ],
              [
                -71.14434861004669,
                42.392646060666664
              ],
              [
                -71.14433104981252,
                42.392641890380574
              ],
              [
                -71.14431371637217,
                42.39263840679447
              ],
              [
                -71.14429638750276,
                42.39263423721817
              ],
              [
                -71.1442790540664,
                42.39263075362688
              ],
              [
                -71.14426148998139,
                42.39262726931987
              ],
              [
                -71.14424416040875,
                42.39262309973351
              ],
              [
                -71.144226827691,
                42.39261961561046
              ],
              [
                -71.14420926290225,
                42.39261613129326
              ],
              [
                -71.14419193018536,
                42.392612647691
              ],
              [
                -71.14417460133104,
                42.39260847809637
              ],
              [
                -71.14415703654825,
                42.392604993771215
              ],
              [
                -71.14413970383731,
                42.392601510161064
              ],
              [
                -71.14412213905838,
                42.3925980258306
              ],
              [
                -71.14410480635127,
                42.39259454221519
              ],
              [
                -71.14408724157916,
                42.39259105735327
              ],
              [
                -71.14406967751569,
                42.392587573016996
              ],
              [
                -71.14405234410468,
                42.392584089391484
              ],
              [
                -71.14403478390722,
                42.39257991906005
              ],
              [
                -71.14401745120988,
                42.39257643543151
              ],
              [
                -71.14399988644466,
                42.392572951082336
              ],
              [
                -71.14398231852834,
                42.39257015272243
              ],
              [
                -71.14396498512689,
                42.39256666908373
              ],
              [
                -71.14394742107993,
                42.392563184202714
              ],
              [
                -71.14392985632226,
                42.39255969984281
              ],
              [
                -71.14391229227621,
                42.39255621548246
              ],
              [
                -71.14325816999698,
                42.39244099700507
              ],
              [
                -71.14262436776404,
                42.392333384455796
              ],
              [
                -71.14162673624347,
                42.392165638116936
              ],
              [
                -71.14153774662827,
                42.39215026836187
              ],
              [
                -71.14103616139825,
                42.39206569691203
              ],
              [
                -71.14051955342893,
                42.39197833233095
              ],
              [
                -71.13998584205247,
                42.39188816790589
              ],
              [
                -71.13933633038484,
                42.39177843003981
              ],
              [
                -71.13926560022095,
                42.39176654576322
              ],
              [
                -71.1376543135128,
                42.39149393756987
              ],
              [
                -71.13688091866435,
                42.391363214515614
              ],
              [
                -71.13620205864387,
                42.39124925027781
              ],
              [
                -71.13479766968798,
                42.391010870031316
              ],
              [
                -71.134641242045,
                42.39098425169963
              ],
              [
                -71.13565409256499,
                42.391105511412384
              ],
              [
                -71.13567166365846,
                42.39110762505501
              ],
              [
                -71.13568946610775,
                42.391109739427414
              ],
              [
                -71.13570703791326,
                42.391111853066874
              ],
              [
                -71.1357248443172,
                42.39111328144416
              ],
              [
                -71.1357424161249,
                42.391115395078195
              ],
              [
                -71.13576022253058,
                42.391116823450005
              ],
              [
                -71.13577779829208,
                42.39111825108893
              ],
              [
                -71.13579560469942,
                42.39111967945524
              ],
              [
                -71.1358134118172,
                42.391121107821
              ],
              [
                -71.13583098687141,
                42.3911225354496
              ],
              [
                -71.13584879399079,
                42.391123963809896
              ],
              [
                -71.13586660040134,
                42.39112539216523
              ],
              [
                -71.13588440681264,
                42.39112682051774
              ],
              [
                -71.13590221788475,
                42.391127562880094
              ],
              [
                -71.13592002429752,
                42.39112899122711
              ],
              [
                -71.13593783537064,
                42.39112973358394
              ],
              [
                -71.1359556457345,
                42.391130475935775
              ],
              [
                -71.13597345680846,
                42.39113121828707
              ],
              [
                -71.13599126717018,
                42.39113196115943
              ],
              [
                -71.13600907824498,
                42.39113270350523
              ],
              [
                -71.1360268886105,
                42.39113344584601
              ],
              [
                -71.1360446996862,
                42.39113418818626
              ],
              [
                -71.13606251400113,
                42.39113424453182
              ],
              [
                -71.1360803250774,
                42.39113498686659
              ],
              [
                -71.13609813939264,
                42.391135043206624
              ],
              [
                -71.13611594975988,
                42.39113578553364
              ],
              [
                -71.13613422749454,
                42.39113584333361
              ],
              [
                -71.13615227316475,
                42.39113590039685
              ],
              [
                -71.13617031954475,
                42.391135957459525
              ],
              [
                -71.13618836521502,
                42.39113601451711
              ],
              [
                -71.13620641159507,
                42.391136071574124
              ],
              [
                -71.13622468862015,
                42.39113612935748
              ],
              [
                -71.13624273500028,
                42.39113618640879
              ],
              [
                -71.1362607846171,
                42.39113555746529
              ],
              [
                -71.13627883099707,
                42.391135614510944
              ],
              [
                -71.13629711196816,
                42.39113498629306
              ],
              [
                -71.13631515834797,
                42.39113504333302
              ],
              [
                -71.13633320796379,
                42.39113441437819
              ],
              [
                -71.1363512582889,
                42.391133785422745
              ],
              [
                -71.13636930395877,
                42.391133842451964
              ],
              [
                -71.13638735357365,
                42.391133213488615
              ],
              [
                -71.13640563525568,
                42.39113258472969
              ],
              [
                -71.13642368486987,
                42.39113195576065
              ],
              [
                -71.13644173519342,
                42.39113132679099
              ],
              [
                -71.13645978875113,
                42.39113001182659
              ],
              [
                -71.13647783907376,
                42.391129382851304
              ],
              [
                -71.1364958886863,
                42.39112875387091
              ],
              [
                -71.1365139429519,
                42.39112743890024
              ],
              [
                -71.1365319925635,
                42.39112680991421
              ],
              [
                -71.1365500468278,
                42.39112549493781
              ],
              [
                -71.13656810038158,
                42.39112417995642
              ],
              [
                -71.13658615464436,
                42.39112286497437
              ],
              [
                -71.13660420819664,
                42.39112154998731
              ],
              [
                -71.13662202645106,
                42.391120920256476
              ],
              [
                -71.13664008465402,
                42.391118919276266
              ],
              [
                -71.13665813820411,
                42.39111760428069
              ],
              [
                -71.1366761924631,
                42.39111628928456
              ],
              [
                -71.13669401465695,
                42.391114973552845
              ],
              [
                -71.13671207285601,
                42.39111297256131
              ],
              [
                -71.13673035775756,
                42.391111658284885
              ],
              [
                -71.1367486473091,
                42.391109658017996
              ],
              [
                -71.13676670479522,
                42.39110765701565
              ],
              [
                -71.13678499434445,
                42.39110565674303
              ],
              [
                -71.13680328318591,
                42.39110365593916
              ],
              [
                -71.13682134137822,
                42.39110165493051
              ],
              [
                -71.13683963021435,
                42.391099654646936
              ],
              [
                -71.13685769234435,
                42.3910969676428
              ],
              [
                -71.13687574982333,
                42.39109496662332
              ],
              [
                -71.13689404330505,
                42.39109228034357
              ],
              [
                -71.13691210078153,
                42.39109027931842
              ],
              [
                -71.13693016219608,
                42.391087592300664
              ],
              [
                -71.13694822431873,
                42.391084905282305
              ],
              [
                -71.13696628179144,
                42.39108290424864
              ],
              [
                -71.13698434391122,
                42.391080217224626
              ],
              [
                -71.13700240532286,
                42.391077529669445
              ],
              [
                -71.13702046743956,
                42.391074842639746
              ],
              [
                -71.13703853278307,
                42.391071469615184
              ],
              [
                -71.137056363542,
                42.39106878185006
              ],
              [
                -71.13707442494427,
                42.39106609480966
              ],
              [
                -71.13709225963757,
                42.39106272104925
              ],
              [
                -71.13711032103657,
                42.39106003400318
              ],
              [
                -71.13712815572623,
                42.391056660237155
              ],
              [
                -71.13714598970431,
                42.39105328646614
              ],
              [
                -71.13716405109834,
                42.391050599411656
              ],
              [
                -71.1371818857855,
                42.39104722511124
              ],
              [
                -71.13719971975803,
                42.39104385133188
              ],
              [
                -71.13721755443841,
                42.39104047755197
              ],
              [
                -71.13723516098858,
                42.39103641704794
              ],
              [
                -71.13725299566491,
                42.39103304326255
              ],
              [
                -71.13727082962966,
                42.391029669472154
              ],
              [
                -71.13728843294783,
                42.391026294951956
              ],
              [
                -71.1373062708439,
                42.391022235166304
              ],
              [
                -71.137323878096,
                42.39101817412484
              ],
              [
                -71.13734148069845,
                42.39101479959428
              ],
              [
                -71.1373593192975,
                42.39101073980258
              ],
              [
                -71.13737692583031,
                42.391006679276835
              ],
              [
                -71.13739430100662,
                42.39100261801928
              ],
              [
                -71.13741190824453,
                42.39099855749041
              ],
              [
                -71.13742951477062,
                42.390994496956566
              ],
              [
                -71.13744712200707,
                42.39099043589623
              ],
              [
                -71.13810973774837,
                42.390829936634915
              ],
              [
                -71.13812688147537,
                42.39082587453896
              ],
              [
                -71.13814426119244,
                42.39082112665433
              ],
              [
                -71.13816163626842,
                42.39081706528077
              ],
              [
                -71.13817878462388,
                42.39081231718945
              ],
              [
                -71.13819616362062,
                42.390807569820815
              ],
              [
                -71.13821330804562,
                42.390803507714224
              ],
              [
                -71.13823045568384,
                42.390798759612956
              ],
              [
                -71.13824760332247,
                42.39079401098312
              ],
              [
                -71.13826475558986,
                42.39078857688912
              ],
              [
                -71.13828190322013,
                42.390783828780165
              ],
              [
                -71.13829905155748,
                42.39077908067093
              ],
              [
                -71.1383159678292,
                42.39077433182966
              ],
              [
                -71.1383328887319,
                42.39076889699828
              ],
              [
                -71.13835003635474,
                42.390764148353114
              ],
              [
                -71.13836695654214,
                42.39075871351448
              ],
              [
                -71.13838387743628,
                42.3907532786756
              ],
              [
                -71.13840079761789,
                42.39074784383195
              ],
              [
                -71.13841748322989,
                42.39074309425094
              ],
              [
                -71.13843440340588,
                42.39073765940237
              ],
              [
                -71.1384510929383,
                42.390732223300496
              ],
              [
                -71.13846778175521,
                42.390726787720055
              ],
              [
                -71.1384847065544,
                42.39072066687642
              ],
              [
                -71.1385011640121,
                42.39071523056426
              ],
              [
                -71.13851785282021,
                42.39070979497653
              ],
              [
                -71.13853454625985,
                42.39070367287268
              ],
              [
                -71.13855100370883,
                42.390698236553376
              ],
              [
                -71.13856769713922,
                42.39069211497076
              ],
              [
                -71.13858415850353,
                42.390685992656785
              ],
              [
                -71.13860061594366,
                42.39068055633035
              ],
              [
                -71.13861707801446,
                42.39067443348786
              ],
              [
                -71.13863330801634,
                42.390668310440226
              ],
              [
                -71.13864977007778,
                42.39066218811908
              ],
              [
                -71.13866600007339,
                42.39065606506682
              ],
              [
                -71.13868223077843,
                42.39064994148847
              ],
              [
                -71.13869846468769,
                42.39064313244172
              ],
              [
                -71.13871469467365,
                42.390637009382615
              ],
              [
                -71.13873092536609,
                42.390630886323414
              ],
              [
                -71.13874715926522,
                42.39062407726976
              ],
              [
                -71.13876315860134,
                42.390617952953576
              ],
              [
                -71.13877916114076,
                42.3906111431691
              ],
              [
                -71.13879516367675,
                42.390604333382406
              ],
              [
                -71.13881116691897,
                42.390597523595666
              ],
              [
                -71.13882693417975,
                42.39059139854216
              ],
              [
                -71.13884293741523,
                42.390584588750976
              ],
              [
                -71.13885870858489,
                42.39057777822926
              ],
              [
                -71.13887448437882,
                42.390570281717686
              ],
              [
                -71.13924170063731,
                42.390399929914544
              ],
              [
                -71.13925701684451,
                42.39039174538126
              ],
              [
                -71.13927209848873,
                42.39038424663886
              ],
              [
                -71.13928741077169,
                42.39037674861754
              ],
              [
                -71.13930249632207,
                42.39036856388118
              ],
              [
                -71.13931734589674,
                42.39036106387931
              ],
              [
                -71.13933219937793,
                42.39035287841161
              ],
              [
                -71.13934705356496,
                42.39034469294421
              ],
              [
                -71.13936167568961,
                42.39033650622144
              ],
              [
                -71.13937629780746,
                42.390328320022896
              ],
              [
                -71.13939092063117,
                42.3903201338247
              ],
              [
                -71.13940531530194,
                42.39031126090742
              ],
              [
                -71.13941970676922,
                42.39030307345443
              ],
              [
                -71.13943387008038,
                42.39029419980858
              ],
              [
                -71.1394480333875,
                42.39028532616094
              ],
              [
                -71.13946219740333,
                42.39027645198768
              ],
              [
                -71.13947612935097,
                42.39026757761165
              ],
              [
                -71.13949006129462,
                42.3902587032339
              ],
              [
                -71.13950376259552,
                42.39024982760574
              ],
              [
                -71.1395174631799,
                42.39024095249985
              ],
              [
                -71.13953093631984,
                42.390231390677506
              ],
              [
                -71.13954441016833,
                42.39022182832976
              ],
              [
                -71.13955787938953,
                42.39021295249419
              ],
              [
                -71.13957112116603,
                42.390203389942414
              ],
              [
                -71.13958436365114,
                42.39019382686517
              ],
              [
                -71.13959737406833,
                42.390184263585674
              ],
              [
                -71.13961038448153,
                42.39017470030461
              ],
              [
                -71.13962316816212,
                42.39016444978371
              ],
              [
                -71.13963594721615,
                42.39015488577515
              ],
              [
                -71.13964873017596,
                42.39014463577517
              ],
              [
                -71.13966127858369,
                42.3901350705154
              ],
              [
                -71.13967359883318,
                42.390124819063566
              ],
              [
                -71.13968591907869,
                42.39011456761043
              ],
              [
                -71.13969824003281,
                42.39010431563207
              ],
              [
                -71.13971032891935,
                42.39009406345185
              ],
              [
                -71.139722186451,
                42.390083810545924
              ],
              [
                -71.13973473483554,
                42.390074245277965
              ],
              [
                -71.13974705506126,
                42.39006399381816
              ],
              [
                -71.13975937137462,
                42.39005442834702
              ],
              [
                -71.13977169230516,
                42.390044176360675
              ],
              [
                -71.13978378116829,
                42.39003392417255
              ],
              [
                -71.13979609747024,
                42.39002435869743
              ],
              [
                -71.13980818703826,
                42.39001410598284
              ],
              [
                -71.13982027588972,
                42.39000385379084
              ],
              [
                -71.13983236083267,
                42.38999428706146
              ],
              [
                -71.13984444967637,
                42.38998403486688
              ],
              [
                -71.13985653922589,
                42.38997378267321
              ],
              [
                -71.13986839671425,
                42.38996352922587
              ],
              [
                -71.13988025419584,
                42.389953276303345
              ],
              [
                -71.13989211238321,
                42.389943023381754
              ],
              [
                -71.13990396986009,
                42.389932769930674
              ],
              [
                -71.13991582733009,
                42.389922517004415
              ],
              [
                -71.13992768550597,
                42.38991226407913
              ],
              [
                -71.13993931162099,
                42.38990200990037
              ],
              [
                -71.13995093772925,
                42.38989175624645
              ],
              [
                -71.13996256454342,
                42.38988150259355
              ],
              [
                -71.13997419455325,
                42.389870562421166
              ],
              [
                -71.13998558929994,
                42.389860308039765
              ],
              [
                -71.13999721539604,
                42.389850053855056
              ],
              [
                -71.14000861475067,
                42.38983911348353
              ],
              [
                -71.14002000948612,
                42.389828859098664
              ],
              [
                -71.14003140422093,
                42.38981860418658
              ],
              [
                -71.14004280356399,
                42.38980766381159
              ],
              [
                -71.14005396693835,
                42.38979740869958
              ],
              [
                -71.140065365567,
                42.389786467793996
              ],
              [
                -71.14007652893395,
                42.389776212679735
              ],
              [
                -71.14008769691478,
                42.389765271050436
              ],
              [
                -71.14009863282928,
                42.38975432922026
              ],
              [
                -71.14010979618516,
                42.38974407410271
              ],
              [
                -71.1401207328049,
                42.38973313174651
              ],
              [
                -71.14044894659921,
                42.38938154632015
              ],
              [
                -71.14099951604273,
                42.38869930844533
              ],
              [
                -71.14116538007899,
                42.38845766276387
              ],
              [
                -71.14131399321782,
                42.38819812646675
              ],
              [
                -71.14143103673095,
                42.38795701365609
              ],
              [
                -71.14150395822887,
                42.38778573709083
              ],
              [
                -71.14150889031849,
                42.387772718409266
              ],
              [
                -71.1415138224061,
                42.38775969972744
              ],
              [
                -71.1415187506055,
                42.387747366509714
              ],
              [
                -71.14152345134673,
                42.38773434710662
              ],
              [
                -71.14152815279861,
                42.38772132717943
              ],
              [
                -71.14153285353599,
                42.38770830777589
              ],
              [
                -71.14153731904325,
                42.38769597311577
              ],
              [
                -71.14154178843462,
                42.38768295299101
              ],
              [
                -71.1415462578272,
                42.38766993233998
              ],
              [
                -71.14155072721488,
                42.387656912214815
              ],
              [
                -71.14155496526176,
                42.38764389084268
              ],
              [
                -71.14155920330386,
                42.38763086999642
              ],
              [
                -71.14156344134425,
                42.38761784914996
              ],
              [
                -71.14156768009548,
                42.38760482777945
              ],
              [
                -71.14157191813233,
                42.387591806932605
              ],
              [
                -71.14157592871716,
                42.38757809884835
              ],
              [
                -71.14157993540879,
                42.38756507728046
              ],
              [
                -71.1415839421018,
                42.38755205518633
              ],
              [
                -71.14158772133688,
                42.387538346906965
              ],
              [
                -71.14159149668495,
                42.387525324091854
              ],
              [
                -71.14159527591681,
                42.387511615812166
              ],
              [
                -71.14159905126172,
                42.387498592996714
              ],
              [
                -71.14160259914884,
                42.38748488399609
              ],
              [
                -71.14160614385892,
                42.387471860461936
              ],
              [
                -71.14160969174307,
                42.387458151461004
              ],
              [
                -71.14161300439619,
                42.387445127729805
              ],
              [
                -71.14161632093908,
                42.38743141748195
              ],
              [
                -71.1416196335895,
                42.387418393750465
              ],
              [
                -71.1416229501295,
                42.38740468350235
              ],
              [
                -71.14162603143605,
                42.38739165905005
              ],
              [
                -71.14162911663219,
                42.38737794808111
              ],
              [
                -71.14163219793618,
                42.38736492362855
              ],
              [
                -71.14163505178874,
                42.38735121193883
              ],
              [
                -71.14163790563708,
                42.38733750077502
              ],
              [
                -71.14164121828111,
                42.387324476516596
              ],
              [
                -71.14164453551817,
                42.3873107667958
              ],
              [
                -71.14164784815944,
                42.387297742537115
              ],
              [
                -71.14165093334329,
                42.387284032093326
              ],
              [
                -71.14165401464119,
                42.38727100711387
              ],
              [
                -71.1416570998224,
                42.38725729666984
              ],
              [
                -71.14165994977412,
                42.387244271495696
              ],
              [
                -71.14166280361522,
                42.38723055980489
              ],
              [
                -71.14166565745215,
                42.38721684864001
              ],
              [
                -71.14166827606286,
                42.387203822219
              ],
              [
                -71.14167089855698,
                42.38719011033343
              ],
              [
                -71.14167352105294,
                42.38717639792169
              ],
              [
                -71.1416759083171,
                42.387163371306016
              ],
              [
                -71.14167829947066,
                42.38714965817361
              ],
              [
                -71.14167902070297,
                42.387144858401165
              ],
              [
                -71.14187159579477,
                42.38696503611058
              ],
              [
                -71.14213359390457,
                42.38674083821453
              ],
              [
                -71.14239504700701,
                42.38661267998106
              ],
              [
                -71.14322097323655,
                42.38648627342617
              ],
              [
                -71.14396001148216,
                42.38642407741574
              ],
              [
                -71.14509104713586,
                42.38613807340974
              ],
              [
                -71.14569973362615,
                42.38601097824409
              ],
              [
                -71.14635232113702,
                42.385851772681896
              ],
              [
                -71.14730924031069,
                42.38562969688942
              ],
              [
                -71.14857156927232,
                42.38514991864569
              ],
              [
                -71.14939876418408,
                42.384830701219144
              ],
              [
                -71.15128174632771,
                42.38405642441501
              ],
              [
                -71.15233455395578,
                42.384520612856456
              ],
              [
                -71.15487231965879,
                42.38541458448423
              ],
              [
                -71.15524539621474,
                42.38547127023573
              ],
              [
                -71.15531407398473,
                42.38547696454833
              ],
              [
                -71.15547250715247,
                42.38548361309875
              ],
              [
                -71.15563070528331,
                42.38549094672983
              ],
              [
                -71.15579759030737,
                42.38551751472596
              ],
              [
                -71.1560349287213,
                42.3855635017192
              ],
              [
                -71.15615798598682,
                42.38560914622517
              ],
              [
                -71.15617508983831,
                42.385611941348074
              ],
              [
                -71.15643551487305,
                42.38570944773195
              ],
              [
                -71.15678234292861,
                42.385871696046024
              ],
              [
                -71.1574815054607,
                42.386419161365936
              ],
              [
                -71.15749005009344,
                42.38642193081144
              ],
              [
                -71.15791226396313,
                42.38673869321206
              ],
              [
                -71.15791308310985,
                42.38673930799912
              ],
              [
                -71.15792204600183,
                42.38674597213893
              ],
              [
                -71.15813451051694,
                42.38690537050718
              ],
              [
                -71.1581350299394,
                42.38690577081553
              ],
              [
                -71.15803548658221,
                42.38697514262699
              ],
              [
                -71.15803536833681,
                42.386975224869374
              ],
              [
                -71.15803184017877,
                42.38697768378054
              ],
              [
                -71.15783268687535,
                42.38721673475768
              ],
              [
                -71.1578287200767,
                42.38722392545699
              ],
              [
                -71.15767226685584,
                42.387507548061635
              ],
              [
                -71.15763402643391,
                42.387659375319274
              ],
              [
                -71.1576139742188,
                42.387738988685214
              ],
              [
                -71.15755031212687,
                42.38799174826488
              ],
              [
                -71.15752225074498,
                42.388103161108845
              ],
              [
                -71.15745656519411,
                42.388363948287605
              ],
              [
                -71.15741343981115,
                42.38853516886397
              ],
              [
                -71.15735263077315,
                42.38877659355671
              ],
              [
                -71.15731541798132,
                42.38892433349507
              ],
              [
                -71.1572119640445,
                42.38933506089832
              ],
              [
                -71.15720570487436,
                42.3893599113942
              ],
              [
                -71.15716137634637,
                42.389535901334305
              ],
              [
                -71.1571223102609,
                42.3896909980837
              ],
              [
                -71.15709119391077,
                42.38981453086326
              ],
              [
                -71.15709100243429,
                42.38981529099699
              ],
              [
                -71.15705108451574,
                42.38997376678413
              ],
              [
                -71.15700729039585,
                42.39014763184038
              ],
              [
                -71.15702868110034,
                42.39021220921778
              ],
              [
                -71.1570348968786,
                42.39023097389751
              ],
              [
                -71.15709947427627,
                42.39042592874847
              ],
              [
                -71.15715052341163,
                42.39058004245873
              ],
              [
                -71.15715322076723,
                42.39058818466494
              ],
              [
                -71.157247196268,
                42.39087188639239
              ],
              [
                -71.15728658793883,
                42.39099080509056
              ],
              [
                -71.15729742846216,
                42.39102353082117
              ],
              [
                -71.15733245616289,
                42.39112927516301
              ],
              [
                -71.15738778403932,
                42.39129629978208
              ],
              [
                -71.1574261225433,
                42.39141203831802
              ],
              [
                -71.15748193132515,
                42.39158051364689
              ],
              [
                -71.15749497021818,
                42.39161987601715
              ],
              [
                -71.15750874860875,
                42.39166146956512
              ],
              [
                -71.15756726576176,
                42.39183811968608
              ],
              [
                -71.1575846010881,
                42.39189363427412
              ],
              [
                -71.15760267451094,
                42.391951511552016
              ],
              [
                -71.15768680969123,
                42.39222094164463
              ],
              [
                -71.157723882674,
                42.39233966018354
              ],
              [
                -71.1577452644216,
                42.392408130841865
              ],
              [
                -71.15778940094924,
                42.39254947052726
              ],
              [
                -71.15781128790832,
                42.3926195592992
              ],
              [
                -71.15786236535145,
                42.39278312256581
              ],
              [
                -71.15793558701935,
                42.39301759651078
              ],
              [
                -71.15795409291243,
                42.39307685699981
              ],
              [
                -71.15804709170979,
                42.393374660093194
              ],
              [
                -71.15807500678925,
                42.393464051551064
              ],
              [
                -71.15816084056883,
                42.393738906381984
              ],
              [
                -71.15818877551752,
                42.393828357835176
              ],
              [
                -71.158231002476,
                42.39396357706344
              ],
              [
                -71.15830105606597,
                42.3941878959495
              ],
              [
                -71.15834598133458,
                42.39433175285885
              ],
              [
                -71.15840201978568,
                42.39451119378683
              ],
              [
                -71.15842617061479,
                42.3945885263304
              ],
              [
                -71.1584261859557,
                42.39458857687908
              ],
              [
                -71.15842650897255,
                42.394589611047856
              ],
              [
                -71.15836473646785,
                42.39462479354184
              ],
              [
                -71.15834537387876,
                42.394635390638264
              ],
              [
                -71.15831219387262,
                42.39465354952981
              ],
              [
                -71.15830789083418,
                42.3946559046131
              ],
              [
                -71.15821587835173,
                42.39470626180175
              ],
              [
                -71.15818796371907,
                42.39472153920507
              ],
              [
                -71.15813954197394,
                42.39475089234921
              ],
              [
                -71.15810898872574,
                42.39476941408579
              ],
              [
                -71.1580440626605,
                42.394808772484794
              ],
              [
                -71.15801539633298,
                42.39482614980525
              ],
              [
                -71.15793552671866,
                42.39487456744685
              ],
              [
                -71.15791962057249,
                42.39488420939971
              ],
              [
                -71.15789156512615,
                42.394901217096766
              ],
              [
                -71.15785656131047,
                42.394922436395426
              ],
              [
                -71.15774248934892,
                42.39499158737689
              ],
              [
                -71.15773571116296,
                42.39499569584759
              ],
              [
                -71.15761797960515,
                42.39506706479711
              ],
              [
                -71.15761345296839,
                42.395069809010096
              ],
              [
                -71.15754844440023,
                42.39510921633403
              ],
              [
                -71.15753588772162,
                42.395116828085335
              ],
              [
                -71.15751911841706,
                42.39512699401417
              ],
              [
                -71.15747395663155,
                42.39515437064913
              ],
              [
                -71.15737484238323,
                42.39521445312834
              ],
              [
                -71.15726153271636,
                42.39528314032545
              ],
              [
                -71.15725347201621,
                42.39528802669412
              ],
              [
                -71.1571622229578,
                42.39534334040528
              ],
              [
                -71.15711338654025,
                42.3953729443964
              ],
              [
                -71.1571114760359,
                42.39537410237989
              ],
              [
                -71.15703085735636,
                42.395422972213716
              ],
              [
                -71.1569228063688,
                42.39548847095692
              ],
              [
                -71.1568694017245,
                42.395520844157296
              ],
              [
                -71.15683465998016,
                42.39554190399897
              ],
              [
                -71.15681038653297,
                42.39555661797865
              ],
              [
                -71.15674920511934,
                42.39559370470229
              ],
              [
                -71.1566593515729,
                42.39564817204006
              ],
              [
                -71.15658833323748,
                42.39569122183916
              ],
              [
                -71.15658150220443,
                42.395695362700586
              ],
              [
                -71.15652360252851,
                42.39573045948942
              ],
              [
                -71.15651076076524,
                42.3957382444082
              ],
              [
                -71.15650335506956,
                42.39574273338895
              ]
            ]
          ]
        ]
      },
      "properties": {
        "n_hood": "12",
        "name": "Cambridge Highlands",
        "webpage": "https://www.cambridgema.gov/CDD/planud/neighplan/neighs/12",
        "_feature_id": "6"
      }
    },
    {
      "type": "Feature",
      "geometry": {
        "type": "MultiPolygon",
        "coordinates": [
          [
            [
              [
                -71.13868759251623,
                42.3646217134591
              ],
              [
                -71.13884829606553,
                42.36453562671939
              ],
              [
                -71.13895059595198,
                42.364480825921206
              ],
              [
                -71.13941169058296,
                42.36434198834248
              ],
              [
                -71.13946751027173,
                42.36431934151996
              ],
              [
                -71.13963990558187,
                42.36428716443895
              ],
              [
                -71.13975110904842,
                42.36426504661862
              ],
              [
                -71.13992181491379,
                42.364232138887864
              ],
              [
                -71.13997751999615,
                42.36422185114648
              ],
              [
                -71.14050805182559,
                42.36416772470246
              ],
              [
                -71.14073813015493,
                42.36419709383122
              ],
              [
                -71.14097718658944,
                42.36422760896702
              ],
              [
                -71.14129798425857,
                42.364347886592874
              ],
              [
                -71.14168974914182,
                42.36447768601379
              ],
              [
                -71.14173790309955,
                42.36449337689833
              ],
              [
                -71.14257132309898,
                42.36476494477995
              ],
              [
                -71.1426018342261,
                42.36477020147295
              ],
              [
                -71.14296940328053,
                42.36483352760802
              ],
              [
                -71.14321549864961,
                42.36483843938721
              ],
              [
                -71.14359615666251,
                42.364787766653215
              ],
              [
                -71.14366616574804,
                42.36496349117309
              ],
              [
                -71.14371546627909,
                42.36508723493849
              ],
              [
                -71.14375043333563,
                42.365175001562214
              ],
              [
                -71.14391136011731,
                42.365578924022174
              ],
              [
                -71.14393508808728,
                42.365623687295205
              ],
              [
                -71.14395629819191,
                42.36566370122608
              ],
              [
                -71.14397179164091,
                42.36569292968948
              ],
              [
                -71.1439740706121,
                42.36569866257857
              ],
              [
                -71.1440658440869,
                42.36588172142282
              ],
              [
                -71.14407277195694,
                42.3658932281994
              ],
              [
                -71.14407885361648,
                42.36590332878046
              ],
              [
                -71.14414015524065,
                42.366005146759136
              ],
              [
                -71.14418569583083,
                42.36608078564623
              ],
              [
                -71.14418821763049,
                42.36608497366415
              ],
              [
                -71.14424080574882,
                42.366172317997616
              ],
              [
                -71.144256969759,
                42.36619916535873
              ],
              [
                -71.14425725511455,
                42.36619963918548
              ],
              [
                -71.1442780079794,
                42.366251396329986
              ],
              [
                -71.14427802337315,
                42.366251434255226
              ],
              [
                -71.14429550844508,
                42.36629504128324
              ],
              [
                -71.14433164489905,
                42.36638516341333
              ],
              [
                -71.14433270899033,
                42.36638781761117
              ],
              [
                -71.14425388898229,
                42.366406245419235
              ],
              [
                -71.1442346113936,
                42.366410663244565
              ],
              [
                -71.14414653574603,
                42.366423646902696
              ],
              [
                -71.14382417439056,
                42.3664706484846
              ],
              [
                -71.14379806830893,
                42.366474371185326
              ],
              [
                -71.14357848462467,
                42.36650655821121
              ],
              [
                -71.14348680142375,
                42.36651990422723
              ],
              [
                -71.14348619149065,
                42.366520001239394
              ],
              [
                -71.14335982462953,
                42.36654536784903
              ],
              [
                -71.14334882686869,
                42.36654733074059
              ],
              [
                -71.1432881547834,
                42.366559562772665
              ],
              [
                -71.14322426912378,
                42.3665721551638
              ],
              [
                -71.14320227812307,
                42.36657678535253
              ],
              [
                -71.14317673398678,
                42.36658186115017
              ],
              [
                -71.1431151192713,
                42.36659958136988
              ],
              [
                -71.1431128363827,
                42.36660033446939
              ],
              [
                -71.14309001652039,
                42.36660676861701
              ],
              [
                -71.14303599080326,
                42.366622274406645
              ],
              [
                -71.14299582508528,
                42.36663397650782
              ],
              [
                -71.14294389266153,
                42.36665189555872
              ],
              [
                -71.14292774424455,
                42.36665755074531
              ],
              [
                -71.14289674129198,
                42.36666837324575
              ],
              [
                -71.14283694528565,
                42.36668924648831
              ],
              [
                -71.14282610139763,
                42.366693098954116
              ],
              [
                -71.14281788305867,
                42.36669594581981
              ],
              [
                -71.14277790918908,
                42.366713984525106
              ],
              [
                -71.14275666845509,
                42.36672355104519
              ],
              [
                -71.14270801432761,
                42.3667454489047
              ],
              [
                -71.14268670869748,
                42.36675657871431
              ],
              [
                -71.14266888444733,
                42.36676590068357
              ],
              [
                -71.142644319254,
                42.36677874957758
              ],
              [
                -71.14263266485018,
                42.36678479588299
              ],
              [
                -71.1426006750416,
                42.36680150941631
              ],
              [
                -71.14258193798238,
                42.36681116627788
              ],
              [
                -71.14254432430671,
                42.36683521215649
              ],
              [
                -71.14251356651774,
                42.36685522274307
              ],
              [
                -71.14248302724253,
                42.36688049898998
              ],
              [
                -71.14247888900388,
                42.3668839240473
              ],
              [
                -71.14246995906187,
                42.36689166856739
              ],
              [
                -71.14244336589255,
                42.366920646455014
              ],
              [
                -71.14243327892929,
                42.36693202152277
              ],
              [
                -71.14239883161905,
                42.366970057721275
              ],
              [
                -71.1423919406101,
                42.366979920251566
              ],
              [
                -71.14238045842005,
                42.36699627556629
              ],
              [
                -71.1423716168734,
                42.36700858197629
              ],
              [
                -71.1423459174346,
                42.36705061566844
              ],
              [
                -71.14234563316741,
                42.36705108036361
              ],
              [
                -71.14231964325411,
                42.3670941684589
              ],
              [
                -71.14230038575037,
                42.3671258331832
              ],
              [
                -71.14229110651894,
                42.36714176658591
              ],
              [
                -71.14228405432672,
                42.367153153708394
              ],
              [
                -71.14224685648226,
                42.36721475223253
              ],
              [
                -71.14221603937797,
                42.3672657680152
              ],
              [
                -71.1421821170688,
                42.36732192758976
              ],
              [
                -71.14218049933656,
                42.36732460502907
              ],
              [
                -71.14216337238479,
                42.36735295733083
              ],
              [
                -71.14214508906205,
                42.36738331512421
              ],
              [
                -71.14211323904725,
                42.367435679158795
              ],
              [
                -71.14209449545653,
                42.3674668798668
              ],
              [
                -71.14207989263743,
                42.36749108136293
              ],
              [
                -71.1420372311391,
                42.36756157510157
              ],
              [
                -71.14200831036452,
                42.36760976747977
              ],
              [
                -71.14197852993104,
                42.36765867474497
              ],
              [
                -71.14195426758539,
                42.367698897323024
              ],
              [
                -71.14194656278603,
                42.367711629678055
              ],
              [
                -71.14190815436851,
                42.367775293383225
              ],
              [
                -71.1418830598537,
                42.36781675489875
              ],
              [
                -71.14186227281732,
                42.3678510993597
              ],
              [
                -71.14185249908613,
                42.36786737524034
              ],
              [
                -71.1418209924367,
                42.3679194025169
              ],
              [
                -71.14177729497624,
                42.367991582164464
              ],
              [
                -71.14174751083823,
                42.36804108014071
              ],
              [
                -71.14172163954564,
                42.36808374812701
              ],
              [
                -71.14169174110418,
                42.36813324573202
              ],
              [
                -71.1416688217088,
                42.368171902087454
              ],
              [
                -71.14165036580586,
                42.36820183366338
              ],
              [
                -71.14156945777148,
                42.36833267387749
              ],
              [
                -71.14152787128106,
                42.368399924866466
              ],
              [
                -71.14141847661567,
                42.36857846563064
              ],
              [
                -71.14125558845188,
                42.368844398808996
              ],
              [
                -71.14120676729691,
                42.36892350068955
              ],
              [
                -71.14111233537918,
                42.3690429761338
              ],
              [
                -71.14110842519882,
                42.36904805584115
              ],
              [
                -71.14103703716594,
                42.3691366344944
              ],
              [
                -71.14102874027199,
                42.369147877189064
              ],
              [
                -71.14097289777598,
                42.36923488189059
              ],
              [
                -71.14090503105422,
                42.36949577403292
              ],
              [
                -71.14086714604386,
                42.36955721685283
              ],
              [
                -71.14069638939392,
                42.369834155953136
              ],
              [
                -71.14056478893063,
                42.370049909101034
              ],
              [
                -71.14053059892906,
                42.37010596211035
              ],
              [
                -71.14043778438834,
                42.370439208976464
              ],
              [
                -71.14043717268774,
                42.37044198054602
              ],
              [
                -71.14037524298968,
                42.3707224241374
              ],
              [
                -71.14034408139305,
                42.37089171950677
              ],
              [
                -71.1403190867129,
                42.371027507217704
              ],
              [
                -71.14023634819661,
                42.37136540590474
              ],
              [
                -71.14022216642437,
                42.37147033454515
              ],
              [
                -71.1402173396483,
                42.371506049585456
              ],
              [
                -71.1402013772939,
                42.371624153524394
              ],
              [
                -71.14014508858509,
                42.3724411525928
              ],
              [
                -71.14010367473581,
                42.37286969249989
              ],
              [
                -71.14008494841224,
                42.373063467130706
              ],
              [
                -71.14005705170901,
                42.373352131617295
              ],
              [
                -71.14004870315013,
                42.373438519486676
              ],
              [
                -71.14004098558063,
                42.37351837702598
              ],
              [
                -71.14003606716554,
                42.373569274874086
              ],
              [
                -71.1416371537818,
                42.373761258039046
              ],
              [
                -71.14186069182936,
                42.37378913977409
              ],
              [
                -71.1419131645137,
                42.37379568444433
              ],
              [
                -71.14351393399713,
                42.37399533117751
              ],
              [
                -71.1438130764773,
                42.3740326371065
              ],
              [
                -71.14395243682594,
                42.374050016632935
              ],
              [
                -71.14388602246237,
                42.374325278206236
              ],
              [
                -71.14381639509524,
                42.37461385636276
              ],
              [
                -71.14375319270435,
                42.374875802240254
              ],
              [
                -71.14374977612673,
                42.374889962598
              ],
              [
                -71.14370770918487,
                42.37506430893241
              ],
              [
                -71.14367196742681,
                42.37521244042773
              ],
              [
                -71.1436618933991,
                42.375254190787594
              ],
              [
                -71.14414288020305,
                42.375217551729925
              ],
              [
                -71.14479717047732,
                42.37516770845977
              ],
              [
                -71.14490323091414,
                42.37515962813496
              ],
              [
                -71.14529235294364,
                42.375129983152256
              ],
              [
                -71.14543192353463,
                42.375119349499094
              ],
              [
                -71.14571681476714,
                42.37509764381123
              ],
              [
                -71.1459654365283,
                42.37507870081236
              ],
              [
                -71.14644184876704,
                42.37504240053747
              ],
              [
                -71.14699948195447,
                42.37499990889822
              ],
              [
                -71.14706463168345,
                42.37498913588468
              ],
              [
                -71.14751786550215,
                42.37491418913021
              ],
              [
                -71.14814022145887,
                42.374811273571446
              ],
              [
                -71.14821887803556,
                42.37479826593457
              ],
              [
                -71.14921258889075,
                42.37463393271984
              ],
              [
                -71.14934480139749,
                42.37461206749828
              ],
              [
                -71.14937971902187,
                42.37460629291559
              ],
              [
                -71.14949635558806,
                42.37458700359043
              ],
              [
                -71.14968531773978,
                42.374555752582985
              ],
              [
                -71.14969081565526,
                42.374556397987504
              ],
              [
                -71.14972373153257,
                42.37456026282597
              ],
              [
                -71.14983896514222,
                42.374573792928096
              ],
              [
                -71.14994210039565,
                42.3745859030431
              ],
              [
                -71.15003301178615,
                42.374596577039426
              ],
              [
                -71.15005111153489,
                42.37459870221484
              ],
              [
                -71.15003564624642,
                42.37462656723186
              ],
              [
                -71.14939013389555,
                42.37578960996616
              ],
              [
                -71.14922466693923,
                42.37609644119352
              ],
              [
                -71.1482846485462,
                42.37784016888748
              ],
              [
                -71.14791863869037,
                42.378517519749295
              ],
              [
                -71.14791163067946,
                42.37852984689606
              ],
              [
                -71.14790485397762,
                42.37854217422419
              ],
              [
                -71.14789784596424,
                42.378554500844004
              ],
              [
                -71.14789060592675,
                42.37856682727925
              ],
              [
                -71.1478835979079,
                42.37857915389815
              ],
              [
                -71.14787635857438,
                42.37859148033459
              ],
              [
                -71.14786911924095,
                42.37860380624447
              ],
              [
                -71.1478616485927,
                42.37861613197195
              ],
              [
                -71.14785440925358,
                42.37862845788085
              ],
              [
                -71.147846937893,
                42.378640783079085
              ],
              [
                -71.14783923974689,
                42.3786524221048
              ],
              [
                -71.1478315377807,
                42.378664746596066
              ],
              [
                -71.14782383580864,
                42.37867707161281
              ],
              [
                -71.14781613765679,
                42.37868871011088
              ],
              [
                -71.14780843497219,
                42.37870103459827
              ],
              [
                -71.14780050168179,
                42.378713358905216
              ],
              [
                -71.14779234090224,
                42.3787249959853
              ],
              [
                -71.1477844076057,
                42.37873732029107
              ],
              [
                -71.1477762468201,
                42.37874895736995
              ],
              [
                -71.14776808149826,
                42.37876128096417
              ],
              [
                -71.14775992070656,
                42.37877291804182
              ],
              [
                -71.14775152860224,
                42.378784554410636
              ],
              [
                -71.14774313267075,
                42.37879687729689
              ],
              [
                -71.14773473985055,
                42.37880851366223
              ],
              [
                -71.14772611642408,
                42.37882014984686
              ],
              [
                -71.14771749299736,
                42.37883178550475
              ],
              [
                -71.14770886574605,
                42.378844107154
              ],
              [
                -71.14770001099997,
                42.378855742628275
              ],
              [
                -71.14769138685408,
                42.37886737828194
              ],
              [
                -71.14768253210158,
                42.378879013754776
              ],
              [
                -71.14767344603861,
                42.378890647992435
              ],
              [
                -71.14766459127955,
                42.37890228346383
              ],
              [
                -71.14765550450043,
                42.378913917697865
              ],
              [
                -71.14764618711735,
                42.37892555122484
              ],
              [
                -71.14763710486032,
                42.37893649999356
              ],
              [
                -71.14762778747051,
                42.37894813351897
              ],
              [
                -71.1476184700743,
                42.37895976756971
              ],
              [
                -71.14760915196808,
                42.378971401091405
              ],
              [
                -71.14759960325753,
                42.378983033905904
              ],
              [
                -71.14759028585104,
                42.37899466795427
              ],
              [
                -71.14758074095637,
                42.379005614775124
              ],
              [
                -71.147571191523,
                42.37901724811109
              ],
              [
                -71.14756164279854,
                42.37902888092236
              ],
              [
                -71.14755209407058,
                42.37904051373279
              ],
              [
                -71.14754254915948,
                42.37905146107642
              ],
              [
                -71.14753276840435,
                42.379063093174366
              ],
              [
                -71.14752321966296,
                42.37907472650842
              ],
              [
                -71.14751344343387,
                42.3790856726148
              ],
              [
                -71.14750366337763,
                42.3790973047123
              ],
              [
                -71.14749365511827,
                42.379108250632115
              ],
              [
                -71.14748387505489,
                42.379119882727906
              ],
              [
                -71.147474094985,
                42.3791315153489
              ],
              [
                -71.14746408742758,
                42.37914246074215
              ],
              [
                -71.14745407915713,
                42.37915340613234
              ],
              [
                -71.1474440677655,
                42.37916503804187
              ],
              [
                -71.1474340601976,
                42.37917598343243
              ],
              [
                -71.14742381749048,
                42.379187614105184
              ],
              [
                -71.14741380920299,
                42.37919856001777
              ],
              [
                -71.1474035703133,
                42.37920950469667
              ],
              [
                -71.14739332759223,
                42.37922113589269
              ],
              [
                -71.14738308798576,
                42.37923208056755
              ],
              [
                -71.14737284908527,
                42.379243025243625
              ],
              [
                -71.14736237886696,
                42.37925396973582
              ],
              [
                -71.1473521399594,
                42.379264914409994
              ],
              [
                -71.14734166519884,
                42.379276544890025
              ],
              [
                -71.14733119497247,
                42.379287488853215
              ],
              [
                -71.14732072474251,
                42.379298432815425
              ],
              [
                -71.14731025450595,
                42.37930937730272
              ],
              [
                -71.14729978355919,
                42.37932032126081
              ],
              [
                -71.14728908200664,
                42.379331264510895
              ],
              [
                -71.14727861175922,
                42.37934220899525
              ],
              [
                -71.1472679101993,
                42.37935315224333
              ],
              [
                -71.14725720792323,
                42.379364096014235
              ],
              [
                -71.14705324509455,
                42.37956035666772
              ],
              [
                -71.14704139072171,
                42.379570610880066
              ],
              [
                -71.14702976695104,
                42.37958086527264
              ],
              [
                -71.14701814388322,
                42.37959112019224
              ],
              [
                -71.14700629333099,
                42.37960068788295
              ],
              [
                -71.14699467025866,
                42.379610942274056
              ],
              [
                -71.14698281515734,
                42.37962119647808
              ],
              [
                -71.14697096076459,
                42.379631450156985
              ],
              [
                -71.14695934151054,
                42.379641018552554
              ],
              [
                -71.14694748639778,
                42.379651272752895
              ],
              [
                -71.14693563199374,
                42.37966152642806
              ],
              [
                -71.14692378141584,
                42.37967109411006
              ],
              [
                -71.14691192629174,
                42.37968134830665
              ],
              [
                -71.14690007187623,
                42.379691601978095
              ],
              [
                -71.14688822128736,
                42.379701169656414
              ],
              [
                -71.14687636615186,
                42.37971142384925
              ],
              [
                -71.14686428041185,
                42.37972167680693
              ],
              [
                -71.14685242981187,
                42.37973124448151
              ],
              [
                -71.1468405753745,
                42.379741498672786
              ],
              [
                -71.14682849274443,
                42.37975106563254
              ],
              [
                -71.14681663829946,
                42.3797613198213
              ],
              [
                -71.14680455254023,
                42.37977157277258
              ],
              [
                -71.14679270121236,
                42.379781140438716
              ],
              [
                -71.14678061544252,
                42.379791393913514
              ],
              [
                -71.14676853350343,
                42.37980096086905
              ],
              [
                -71.14675644701934,
                42.37981121381304
              ],
              [
                -71.14674459638333,
                42.37982078200237
              ],
              [
                -71.14673251060105,
                42.37983103494593
              ],
              [
                -71.14672042793761,
                42.37984060189421
              ],
              [
                -71.14670834214469,
                42.37985085536127
              ],
              [
                -71.1466962601833,
                42.37986042230908
              ],
              [
                -71.14668394690463,
                42.37986998854526
              ],
              [
                -71.14667186039067,
                42.37988024200626
              ],
              [
                -71.14665977841815,
                42.37988980895018
              ],
              [
                -71.14664769260895,
                42.379900061884705
              ],
              [
                -71.14637496295951,
                42.380107087200834
              ],
              [
                -71.14609128221817,
                42.38032779772408
              ],
              [
                -71.1457794988074,
                42.380568316175136
              ],
              [
                -71.14546121307416,
                42.38081292923244
              ],
              [
                -71.1454507576494,
                42.380821129579964
              ],
              [
                -71.14623257739883,
                42.3811212670879
              ],
              [
                -71.14650941004302,
                42.38129842404403
              ],
              [
                -71.14706373540187,
                42.381535429269746
              ],
              [
                -71.14757811195548,
                42.38180180810118
              ],
              [
                -71.14793413176899,
                42.38200870331422
              ],
              [
                -71.14848862814179,
                42.38221688946317
              ],
              [
                -71.14916161534406,
                42.38254205694883
              ],
              [
                -71.15066450583831,
                42.38351802824464
              ],
              [
                -71.15128174665553,
                42.384056364969396
              ],
              [
                -71.14939876451368,
                42.3848306417736
              ],
              [
                -71.1485715696027,
                42.38514985920011
              ],
              [
                -71.14730924064226,
                42.38562963744387
              ],
              [
                -71.1463523214695,
                42.38585171323633
              ],
              [
                -71.14569973395923,
                42.386010918798526
              ],
              [
                -71.14509104746952,
                42.386138013964235
              ],
              [
                -71.14396001181689,
                42.386424017970256
              ],
              [
                -71.14322097357196,
                42.386486213980675
              ],
              [
                -71.14239504734321,
                42.38661262053557
              ],
              [
                -71.142133594241,
                42.38674077876902
              ],
              [
                -71.14187159613145,
                42.38696497666508
              ],
              [
                -71.14167902103983,
                42.387144798955674
              ],
              [
                -71.1416573489251,
                42.38713169741087
              ],
              [
                -71.1416508947297,
                42.38712756076752
              ],
              [
                -71.14156664597171,
                42.38705252300205
              ],
              [
                -71.14102738193705,
                42.386806620108985
              ],
              [
                -71.14048457963875,
                42.386654688090395
              ],
              [
                -71.14041437618316,
                42.38663251609269
              ],
              [
                -71.13988612602509,
                42.38640379281937
              ],
              [
                -71.13967543909719,
                42.38631052124216
              ],
              [
                -71.13963228710126,
                42.38629117801491
              ],
              [
                -71.1390313824777,
                42.38602517798853
              ],
              [
                -71.13887146335486,
                42.38595470280971
              ],
              [
                -71.13869100597329,
                42.38587524434784
              ],
              [
                -71.1382329463986,
                42.385672802442784
              ],
              [
                -71.13808180013716,
                42.38560578375411
              ],
              [
                -71.13793757922292,
                42.38554153067019
              ],
              [
                -71.13745206587464,
                42.3853266506476
              ],
              [
                -71.13727946236496,
                42.385249959235395
              ],
              [
                -71.13712485600645,
                42.385181555836056
              ],
              [
                -71.13667858076549,
                42.384983260864175
              ],
              [
                -71.13653135861429,
                42.384918310518756
              ],
              [
                -71.13637975724097,
                42.38485060213014
              ],
              [
                -71.13596255681556,
                42.384666116301126
              ],
              [
                -71.13579272427307,
                42.38459080340945
              ],
              [
                -71.13565820016804,
                42.384530694153476
              ],
              [
                -71.13425018974873,
                42.38390469615192
              ],
              [
                -71.13408936394434,
                42.38383283936882
              ],
              [
                -71.13396961628253,
                42.38377826313912
              ],
              [
                -71.1330976969498,
                42.3833817125101
              ],
              [
                -71.13295326679186,
                42.383315394435215
              ],
              [
                -71.13292488465338,
                42.38330295529457
              ],
              [
                -71.13287228100104,
                42.383278776798264
              ],
              [
                -71.13281137284795,
                42.38325045575253
              ],
              [
                -71.13203270968076,
                42.38289123980047
              ],
              [
                -71.1319561121416,
                42.3828560080799
              ],
              [
                -71.13184605982464,
                42.38280557665274
              ],
              [
                -71.1311765253985,
                42.38249815479638
              ],
              [
                -71.13101622935116,
                42.382416005313345
              ],
              [
                -71.13049083864533,
                42.38210561159831
              ],
              [
                -71.13013309701819,
                42.381886308629255
              ],
              [
                -71.13006164298021,
                42.38184217411697
              ],
              [
                -71.12999410142477,
                42.38180148163583
              ],
              [
                -71.12983850335031,
                42.381707683004464
              ],
              [
                -71.12977326724693,
                42.38166837034305
              ],
              [
                -71.12941485270437,
                42.381446318921284
              ],
              [
                -71.12929706468194,
                42.3813745939834
              ],
              [
                -71.12895003825113,
                42.38118344848944
              ],
              [
                -71.12881607106911,
                42.38110961233123
              ],
              [
                -71.1287404470525,
                42.3810668355389
              ],
              [
                -71.12818378976098,
                42.38076662080539
              ],
              [
                -71.12764261237807,
                42.380470568942975
              ],
              [
                -71.12737974836705,
                42.380327026353456
              ],
              [
                -71.12728889990223,
                42.38027733923955
              ],
              [
                -71.12722433654423,
                42.3802421427889
              ],
              [
                -71.12589967421873,
                42.379516839223655
              ],
              [
                -71.1257126774491,
                42.37941470076569
              ],
              [
                -71.12558009753965,
                42.37934223730724
              ],
              [
                -71.12463059311655,
                42.378824630298375
              ],
              [
                -71.12449732175305,
                42.37875216384419
              ],
              [
                -71.12439263930526,
                42.37869556868333
              ],
              [
                -71.12393956067932,
                42.37844986614082
              ],
              [
                -71.12370852442936,
                42.37832494173099
              ],
              [
                -71.12368878708283,
                42.37829880846692
              ],
              [
                -71.1235327038421,
                42.378095236729735
              ],
              [
                -71.12322999363596,
                42.37773202838431
              ],
              [
                -71.12316476334676,
                42.37765429513784
              ],
              [
                -71.1230894212165,
                42.377565552120295
              ],
              [
                -71.12295663279993,
                42.377412820758636
              ],
              [
                -71.12286335109484,
                42.37730686866674
              ],
              [
                -71.12247833412,
                42.37689948355415
              ],
              [
                -71.12229981376468,
                42.376697208431374
              ],
              [
                -71.12218426191609,
                42.37656374139215
              ],
              [
                -71.12204520907389,
                42.37645352171895
              ],
              [
                -71.12189599342105,
                42.37637962779036
              ],
              [
                -71.12117229667994,
                42.376058934225505
              ],
              [
                -71.12098312989396,
                42.37597461745407
              ],
              [
                -71.12085163203233,
                42.37591655864713
              ],
              [
                -71.12014016416785,
                42.37560275940292
              ],
              [
                -71.11993610454246,
                42.37549506648342
              ],
              [
                -71.11971659480007,
                42.375379776065785
              ],
              [
                -71.11942822342377,
                42.37525328134674
              ],
              [
                -71.11942061128451,
                42.375249825610915
              ],
              [
                -71.11917376838358,
                42.375141304293834
              ],
              [
                -71.11859076955729,
                42.37496786831013
              ],
              [
                -71.11859485465192,
                42.374942499129325
              ],
              [
                -71.11867955895619,
                42.37455106348436
              ],
              [
                -71.11868428823415,
                42.37453392902491
              ],
              [
                -71.11868688210113,
                42.374525705031566
              ],
              [
                -71.11870161904571,
                42.3744983131361
              ],
              [
                -71.11871751315489,
                42.37447092507398
              ],
              [
                -71.11872572422602,
                42.37445174413653
              ],
              [
                -71.11874090333855,
                42.37438936689665
              ],
              [
                -71.11874868146548,
                42.37436538195804
              ],
              [
                -71.11883528647485,
                42.37423395327251
              ],
              [
                -71.11908870606226,
                42.37371067501038
              ],
              [
                -71.11915948258412,
                42.37359565831219
              ],
              [
                -71.11918789898739,
                42.37356282359304
              ],
              [
                -71.11921115192422,
                42.37354231987493
              ],
              [
                -71.11924205464885,
                42.373519097450625
              ],
              [
                -71.11927826876217,
                42.37349726460819
              ],
              [
                -71.11928615327011,
                42.37349386067508
              ],
              [
                -71.11936214167137,
                42.37347353197343
              ],
              [
                -71.11938947175156,
                42.37346744782733
              ],
              [
                -71.11943929047204,
                42.373414103689996
              ],
              [
                -71.12008301262118,
                42.37264103093256
              ],
              [
                -71.12014591400906,
                42.372565776456426
              ],
              [
                -71.12021464342777,
                42.372482995124194
              ],
              [
                -71.12042455175616,
                42.372231233122044
              ],
              [
                -71.12048885238661,
                42.37215392558005
              ],
              [
                -71.1205510555465,
                42.37207935457939
              ],
              [
                -71.12088187074063,
                42.37168255463969
              ],
              [
                -71.12092287336817,
                42.37163329629916
              ],
              [
                -71.1209669031637,
                42.37158061841546
              ],
              [
                -71.12101232951679,
                42.37152657257804
              ],
              [
                -71.12110458059435,
                42.3714164274367
              ],
              [
                -71.12118355788,
                42.37132133116184
              ],
              [
                -71.1219193463418,
                42.37043933039184
              ],
              [
                -71.12231130990018,
                42.36996946661876
              ],
              [
                -71.12245801240087,
                42.369803246124455
              ],
              [
                -71.12248526011051,
                42.369771778223836
              ],
              [
                -71.12300366826439,
                42.36915206900989
              ],
              [
                -71.12318421565978,
                42.3689362383035
              ],
              [
                -71.12318489536884,
                42.368936465691704
              ],
              [
                -71.12362090868405,
                42.36908229961356
              ],
              [
                -71.12365708139541,
                42.369098577517576
              ],
              [
                -71.12377871549512,
                42.369153312994555
              ],
              [
                -71.1239424901518,
                42.36922701130647
              ],
              [
                -71.12409738932753,
                42.36935537989191
              ],
              [
                -71.1244217693638,
                42.36962419807135
              ],
              [
                -71.12448259904566,
                42.36967460820898
              ],
              [
                -71.12458510150744,
                42.3697827014982
              ],
              [
                -71.12468782507081,
                42.369922817792606
              ],
              [
                -71.1247388488654,
                42.36999241500823
              ],
              [
                -71.12533220949653,
                42.37080175024668
              ],
              [
                -71.12548824646183,
                42.37100328542613
              ],
              [
                -71.12561304915499,
                42.37116447691623
              ],
              [
                -71.1257472344373,
                42.371337787009885
              ],
              [
                -71.12585341031946,
                42.37147492004595
              ],
              [
                -71.12638200830666,
                42.37215762601505
              ],
              [
                -71.1266090981723,
                42.372450916841
              ],
              [
                -71.12698734722461,
                42.37273589091122
              ],
              [
                -71.12759134174246,
                42.37313009987186
              ],
              [
                -71.12842159196722,
                42.37367196594612
              ],
              [
                -71.12928417580028,
                42.3739344245861
              ],
              [
                -71.13001384070157,
                42.37394021533146
              ],
              [
                -71.13053378990342,
                42.37392932269249
              ],
              [
                -71.13093025048468,
                42.37391717301713
              ],
              [
                -71.13099265653362,
                42.37390681800094
              ],
              [
                -71.13099750922339,
                42.37390601288639
              ],
              [
                -71.13162312032112,
                42.37380220329144
              ],
              [
                -71.13241563494398,
                42.37342766186428
              ],
              [
                -71.13241876907601,
                42.37342443492404
              ],
              [
                -71.1326887115487,
                42.37314648923423
              ],
              [
                -71.13306648984317,
                42.37275750525205
              ],
              [
                -71.1331893430782,
                42.372483291384754
              ],
              [
                -71.13319234934653,
                42.37233181112348
              ],
              [
                -71.13319746568772,
                42.37218349405155
              ],
              [
                -71.13312651987643,
                42.371940253575325
              ],
              [
                -71.13305531287854,
                42.37185866379474
              ],
              [
                -71.1328516910321,
                42.37162535197413
              ],
              [
                -71.13274664912456,
                42.37149713451705
              ],
              [
                -71.13273434826228,
                42.37148211938756
              ],
              [
                -71.132565931976,
                42.37131485486824
              ],
              [
                -71.13210785266301,
                42.37089309557071
              ],
              [
                -71.1319391140943,
                42.37063376123011
              ],
              [
                -71.1318432262644,
                42.37028944728477
              ],
              [
                -71.13180873296308,
                42.3700624426136
              ],
              [
                -71.13179824810389,
                42.369993438125036
              ],
              [
                -71.13176975559786,
                42.36980592584539
              ],
              [
                -71.13176344643215,
                42.36967688291145
              ],
              [
                -71.13180921350836,
                42.36944962903221
              ],
              [
                -71.13225161364944,
                42.36903579140107
              ],
              [
                -71.13225360021175,
                42.36903442784495
              ],
              [
                -71.1327201380166,
                42.36871431377702
              ],
              [
                -71.13303113406914,
                42.36849051688921
              ],
              [
                -71.13313738070262,
                42.36841405944646
              ],
              [
                -71.13385099524758,
                42.36797801074713
              ],
              [
                -71.13413734085768,
                42.367839229211846
              ],
              [
                -71.13449276974873,
                42.367666964363075
              ],
              [
                -71.13504523617034,
                42.367428135162484
              ],
              [
                -71.13544846192688,
                42.367243176383994
              ],
              [
                -71.13573818593365,
                42.367095789669136
              ],
              [
                -71.13612191770002,
                42.36683005586858
              ],
              [
                -71.13612527493221,
                42.36682704943065
              ],
              [
                -71.13612675927166,
                42.36682602143485
              ],
              [
                -71.13613219659138,
                42.366821151895095
              ],
              [
                -71.1361721881329,
                42.36678533778743
              ],
              [
                -71.13637219436686,
                42.366606222475134
              ],
              [
                -71.13662783892626,
                42.36639409863175
              ],
              [
                -71.13668019623113,
                42.366350654241806
              ],
              [
                -71.13695029646648,
                42.36612901702042
              ],
              [
                -71.13695059476062,
                42.36612871020613
              ],
              [
                -71.13732134629879,
                42.36574789122977
              ],
              [
                -71.13756709068839,
                42.36551796944699
              ],
              [
                -71.13812522068147,
                42.36504508574426
              ],
              [
                -71.1383083292081,
                42.364887469927154
              ],
              [
                -71.13830915969334,
                42.364886887539555
              ],
              [
                -71.1386277163201,
                42.36466367001907
              ],
              [
                -71.13868759251623,
                42.3646217134591
              ]
            ]
          ]
        ]
      },
      "properties": {
        "n_hood": "10",
        "name": "West Cambridge",
        "webpage": "https://www.cambridgema.gov/CDD/planud/neighplan/neighs/10",
        "_feature_id": "8"
      }
    },
    {
      "type": "Feature",
      "geometry": {
        "type": "MultiPolygon",
        "coordinates": [
          [
            [
              [
                -71.0783874772917,
                42.373855922092744
              ],
              [
                -71.07833829033713,
                42.37381658837316
              ],
              [
                -71.07833745192505,
                42.373815917705606
              ],
              [
                -71.07828352884852,
                42.373772796718875
              ],
              [
                -71.0782706089692,
                42.37376246556011
              ],
              [
                -71.07825211733066,
                42.37374767807362
              ],
              [
                -71.07821852312124,
                42.37373015851975
              ],
              [
                -71.07821642250907,
                42.37372906341227
              ],
              [
                -71.07814687687834,
                42.373692796177835
              ],
              [
                -71.07813581811368,
                42.37368702872561
              ],
              [
                -71.07813380942089,
                42.37368598130077
              ],
              [
                -71.07806893693167,
                42.37364945549099
              ],
              [
                -71.07806114189206,
                42.37364506622982
              ],
              [
                -71.07801831724696,
                42.37362095413149
              ],
              [
                -71.07801343041109,
                42.37361975883983
              ],
              [
                -71.07800655880429,
                42.37361807858715
              ],
              [
                -71.07800484958152,
                42.373617660396995
              ],
              [
                -71.07800338048574,
                42.37361730095644
              ],
              [
                -71.07797415438904,
                42.37361015322125
              ],
              [
                -71.07791062625829,
                42.373594615969736
              ],
              [
                -71.07788448854191,
                42.373588223419546
              ],
              [
                -71.07784993151611,
                42.37357977140549
              ],
              [
                -71.07784211641041,
                42.373577860414315
              ],
              [
                -71.07780893731889,
                42.3735741786692
              ],
              [
                -71.07780645679793,
                42.37357387864349
              ],
              [
                -71.07780071358768,
                42.37357247397669
              ],
              [
                -71.07779357211612,
                42.37357072748696
              ],
              [
                -71.07778300583011,
                42.373568143008306
              ],
              [
                -71.07770362374525,
                42.373564138025415
              ],
              [
                -71.0776950679886,
                42.37356370627002
              ],
              [
                -71.07766813044181,
                42.37356234688946
              ],
              [
                -71.07763139890456,
                42.37356281175806
              ],
              [
                -71.07758892493474,
                42.37356334969653
              ],
              [
                -71.07756710824475,
                42.373563625737496
              ],
              [
                -71.07754859878865,
                42.3735638602598
              ],
              [
                -71.07749902004389,
                42.37356448781056
              ],
              [
                -71.07749626526757,
                42.37356467128974
              ],
              [
                -71.07744188171677,
                42.373568287710306
              ],
              [
                -71.07743806648475,
                42.37356854146985
              ],
              [
                -71.07742751586183,
                42.373569242906164
              ],
              [
                -71.07738747260798,
                42.373571905589586
              ],
              [
                -71.07737162537518,
                42.373572959499754
              ],
              [
                -71.0773604870254,
                42.37357370033086
              ],
              [
                -71.07734018999037,
                42.37357504985263
              ],
              [
                -71.07733720097646,
                42.37357524877584
              ],
              [
                -71.077300239713,
                42.37357770653443
              ],
              [
                -71.0771379946942,
                42.37358849511496
              ],
              [
                -71.07709395626617,
                42.37359508071222
              ],
              [
                -71.07708827035954,
                42.37359593099552
              ],
              [
                -71.07704498119101,
                42.37360240411733
              ],
              [
                -71.07704319715609,
                42.37360267059284
              ],
              [
                -71.07704221920204,
                42.3736028169296
              ],
              [
                -71.0770374331246,
                42.37360353268621
              ],
              [
                -71.07701578676077,
                42.37360676949609
              ],
              [
                -71.07700580197553,
                42.37360826261908
              ],
              [
                -71.07700363584692,
                42.373608586609855
              ],
              [
                -71.07699350476088,
                42.37361010128914
              ],
              [
                -71.07697557348048,
                42.37361278253507
              ],
              [
                -71.07695298182354,
                42.37361616105476
              ],
              [
                -71.07694398777453,
                42.37361750577907
              ],
              [
                -71.07693732319984,
                42.37361850238826
              ],
              [
                -71.07689723986937,
                42.373624496412916
              ],
              [
                -71.07684176332123,
                42.37363982010326
              ],
              [
                -71.07683799983347,
                42.37364145867344
              ],
              [
                -71.07683033979767,
                42.37364479319272
              ],
              [
                -71.07682534102541,
                42.37364696960585
              ],
              [
                -71.07682192834116,
                42.373648455324826
              ],
              [
                -71.07677356512879,
                42.373669509426094
              ],
              [
                -71.07674368202458,
                42.37367860112734
              ],
              [
                -71.07674120011802,
                42.37367935638827
              ],
              [
                -71.07673734751235,
                42.37368052852121
              ],
              [
                -71.07672531407428,
                42.373684189419066
              ],
              [
                -71.07671819609892,
                42.37368635539939
              ],
              [
                -71.07667484911217,
                42.373699543569295
              ],
              [
                -71.07666161629983,
                42.373703569880405
              ],
              [
                -71.07665826793139,
                42.373705727634274
              ],
              [
                -71.07662435954299,
                42.37372757874388
              ],
              [
                -71.07661746898076,
                42.37373201926884
              ],
              [
                -71.07661653266413,
                42.373732622391955
              ],
              [
                -71.07661522367317,
                42.373733465613725
              ],
              [
                -71.07660816779544,
                42.37373801232377
              ],
              [
                -71.07659300926795,
                42.373747780531716
              ],
              [
                -71.07657675123609,
                42.37375825752778
              ],
              [
                -71.07656586670355,
                42.373765271657575
              ],
              [
                -71.07656273708992,
                42.37376728817254
              ],
              [
                -71.0765595483286,
                42.3737693433995
              ],
              [
                -71.07653118511554,
                42.373787620194754
              ],
              [
                -71.07652837615713,
                42.373789430087925
              ],
              [
                -71.07647936042447,
                42.37382101587149
              ],
              [
                -71.07645148598615,
                42.37383897827302
              ],
              [
                -71.07642612193095,
                42.37385532274875
              ],
              [
                -71.07640052413448,
                42.37387181839505
              ],
              [
                -71.07637686025737,
                42.37388706698495
              ],
              [
                -71.07636394048745,
                42.37389423931553
              ],
              [
                -71.07634368418157,
                42.373905483307546
              ],
              [
                -71.0763046898444,
                42.373927128833586
              ],
              [
                -71.07630185905694,
                42.373928700327006
              ],
              [
                -71.0762857901556,
                42.37393762025825
              ],
              [
                -71.07628212188322,
                42.37393965635067
              ],
              [
                -71.0762513727539,
                42.37395672535422
              ],
              [
                -71.07624411738865,
                42.37396075259303
              ],
              [
                -71.07623080377506,
                42.373968142832844
              ],
              [
                -71.07622436808441,
                42.37397171592725
              ],
              [
                -71.07620376277829,
                42.37398315325821
              ],
              [
                -71.07620366877404,
                42.373983205519835
              ],
              [
                -71.07620084881063,
                42.37398474916841
              ],
              [
                -71.07619800137115,
                42.37398626378136
              ],
              [
                -71.07619512645208,
                42.37398774988474
              ],
              [
                -71.07619222476285,
                42.37398920748117
              ],
              [
                -71.07618929631415,
                42.37399063499239
              ],
              [
                -71.07618634251784,
                42.373992033475815
              ],
              [
                -71.07618336337741,
                42.37399340240538
              ],
              [
                -71.07618085630887,
                42.37399452160826
              ],
              [
                -71.07618031833609,
                42.373994758992204
              ],
              [
                -71.07617827470577,
                42.37399564632341
              ],
              [
                -71.0761780064553,
                42.373995761072464
              ],
              [
                -71.0761754272132,
                42.37399685107499
              ],
              [
                -71.07617518956917,
                42.37399695120662
              ],
              [
                -71.07617270943162,
                42.37399796897531
              ],
              [
                -71.07617257425625,
                42.3739980242417
              ],
              [
                -71.07616999398988,
                42.373999055319466
              ],
              [
                -71.07616983108473,
                42.37399911942697
              ],
              [
                -71.07616717135272,
                42.37400015073799
              ],
              [
                -71.0761670703418,
                42.37400018982178
              ],
              [
                -71.07616473514551,
                42.37400107134375
              ],
              [
                -71.07616242356661,
                42.37400192244007
              ],
              [
                -71.07616032051114,
                42.374002678032234
              ],
              [
                -71.07615996918418,
                42.37400280247069
              ],
              [
                -71.07615763158692,
                42.37400361874988
              ],
              [
                -71.07615714943312,
                42.3740037847926
              ],
              [
                -71.07615502390678,
                42.37400450558065
              ],
              [
                -71.07615288925936,
                42.374005211078696
              ],
              [
                -71.0761525323094,
                42.374005327605246
              ],
              [
                -71.07615012405276,
                42.374006100485424
              ],
              [
                -71.07614967185586,
                42.37400624296499
              ],
              [
                -71.07614751686599,
                42.374006913666776
              ],
              [
                -71.07614535346457,
                42.37400756908129
              ],
              [
                -71.0761449923141,
                42.37400767717503
              ],
              [
                -71.07614268260053,
                42.37400835572392
              ],
              [
                -71.07614261293375,
                42.37400837598432
              ],
              [
                -71.07614209470196,
                42.37400852611169
              ],
              [
                -71.07613991238418,
                42.374009145682976
              ],
              [
                -71.07613766336436,
                42.37400976658671
              ],
              [
                -71.07613540664245,
                42.37401037220571
              ],
              [
                -71.07613314222196,
                42.374010962013955
              ],
              [
                -71.0761310840203,
                42.37401148261348
              ],
              [
                -71.0761307400489,
                42.37401156814909
              ],
              [
                -71.07612837424634,
                42.37401214653601
              ],
              [
                -71.07612836429597,
                42.37401214912975
              ],
              [
                -71.07612798552468,
                42.37401223979791
              ],
              [
                -71.07612591334134,
                42.37401272930714
              ],
              [
                -71.07612586714735,
                42.37401274071065
              ],
              [
                -71.07612377588198,
                42.374013219101926
              ],
              [
                -71.07612342628057,
                42.374013297777715
              ],
              [
                -71.07612103030509,
                42.37401382607579
              ],
              [
                -71.07612062956805,
                42.37401391245437
              ],
              [
                -71.07611852503392,
                42.374014359231836
              ],
              [
                -71.07611551335154,
                42.37401497259017
              ],
              [
                -71.07611249120666,
                42.37401555907978
              ],
              [
                -71.07611242442717,
                42.374015571985716
              ],
              [
                -71.07610939537425,
                42.37401613056761
              ],
              [
                -71.07610635798734,
                42.37401666228865
              ],
              [
                -71.07610628553549,
                42.3740166746476
              ],
              [
                -71.07610320359568,
                42.37401718463518
              ],
              [
                -71.07610011262297,
                42.374017666181125
              ],
              [
                -71.07609732011952,
                42.374018076227934
              ],
              [
                -71.07609612135258,
                42.37401824489046
              ],
              [
                -71.07609151190401,
                42.37401885393855
              ],
              [
                -71.07609146574887,
                42.37401885955533
              ],
              [
                -71.07608846213678,
                42.374019221476864
              ],
              [
                -71.07608796510041,
                42.37401927909218
              ],
              [
                -71.07608498441745,
                42.374019607429034
              ],
              [
                -71.0760848850158,
                42.37401961811041
              ],
              [
                -71.07608160064947,
                42.3740199490106
              ],
              [
                -71.07608156301872,
                42.37401995308059
              ],
              [
                -71.07607859407172,
                42.374020224117906
              ],
              [
                -71.07607823414533,
                42.374020255408425
              ],
              [
                -71.07607506946222,
                42.3740205136245
              ],
              [
                -71.07607490051711,
                42.37402052615387
              ],
              [
                -71.07607158059126,
                42.3740207638068
              ],
              [
                -71.07607153942006,
                42.37402076681151
              ],
              [
                -71.07606825591405,
                42.37402096935125
              ],
              [
                -71.07606800465486,
                42.37402098368157
              ],
              [
                -71.07606489383168,
                42.374021145297355
              ],
              [
                -71.0760648760911,
                42.374021145758
              ],
              [
                -71.07606155042158,
                42.3740212876431
              ],
              [
                -71.07606152842054,
                42.374021288614145
              ],
              [
                -71.0760581809686,
                42.37402139885409
              ],
              [
                -71.07605501893498,
                42.3740214734778
              ],
              [
                -71.07605482592744,
                42.374021476975116
              ],
              [
                -71.07605147322631,
                42.37402152353991
              ],
              [
                -71.07604825696805,
                42.374021537464515
              ],
              [
                -71.07604504019776,
                42.37402152192668
              ],
              [
                -71.07604160371001,
                42.374021472436034
              ],
              [
                -71.07604144764144,
                42.37402146923043
              ],
              [
                -71.07603816816093,
                42.374021388753576
              ],
              [
                -71.07603785675092,
                42.374021379714684
              ],
              [
                -71.07603473567555,
                42.374021271413255
              ],
              [
                -71.07603463849756,
                42.374021267898655
              ],
              [
                -71.0760313041218,
                42.37402112093327
              ],
              [
                -71.07603117432879,
                42.374021114141975
              ],
              [
                -71.07602787634468,
                42.37402093627196
              ],
              [
                -71.0760276593241,
                42.37402092337232
              ],
              [
                -71.07602471189506,
                42.37402073627266
              ],
              [
                -71.07602431334206,
                42.37402070849979
              ],
              [
                -71.076021135638,
                42.37402047478243
              ],
              [
                -71.0760209597744,
                42.37402046098228
              ],
              [
                -71.0760176170642,
                42.37402018141391
              ],
              [
                -71.07601756530369,
                42.374020176488415
              ],
              [
                -71.0760142072176,
                42.37401986214204
              ],
              [
                -71.07601400088859,
                42.37401984191665
              ],
              [
                -71.0760108039786,
                42.374019509751456
              ],
              [
                -71.07601044310928,
                42.37401947001756
              ],
              [
                -71.07600740522575,
                42.374019123182116
              ],
              [
                -71.07600725209382,
                42.37401910525709
              ],
              [
                -71.07600401591486,
                42.37401870403063
              ],
              [
                -71.07600334956183,
                42.374018617927966
              ],
              [
                -71.07600099188537,
                42.37401830148166
              ],
              [
                -71.0760003957535,
                42.37401821826823
              ],
              [
                -71.07599746409085,
                42.37401779606862
              ],
              [
                -71.07599713663078,
                42.374017746988464
              ],
              [
                -71.07599394575594,
                42.3740172554431
              ],
              [
                -71.07599373668076,
                42.37401722152947
              ],
              [
                -71.07599053965343,
                42.37401669524007
              ],
              [
                -71.07599043760077,
                42.374016678029406
              ],
              [
                -71.07598719473577,
                42.37401611001073
              ],
              [
                -71.07598694104423,
                42.37401606383281
              ],
              [
                -71.07598385996958,
                42.37401549220179
              ],
              [
                -71.07598345607583,
                42.37401541443155
              ],
              [
                -71.07598053748684,
                42.37401484129499
              ],
              [
                -71.07597998411448,
                42.374014729830805
              ],
              [
                -71.07597722657107,
                42.37401415833998
              ],
              [
                -71.07597707070356,
                42.37401412514855
              ],
              [
                -71.07597422619014,
                42.374013509146415
              ],
              [
                -71.07597368210804,
                42.37401338772092
              ],
              [
                -71.07597079105099,
                42.37401272946079
              ],
              [
                -71.07597039293543,
                42.37401263645555
              ],
              [
                -71.07596736962843,
                42.37401191457836
              ],
              [
                -71.07596469501311,
                42.37401124975083
              ],
              [
                -71.07596456539642,
                42.37401121665614
              ],
              [
                -71.0759620276337,
                42.37401056390674
              ],
              [
                -71.07595937246728,
                42.37400985548623
              ],
              [
                -71.07595932147622,
                42.37400984162019
              ],
              [
                -71.07595672666176,
                42.374009126583026
              ],
              [
                -71.07595342459788,
                42.37400818167253
              ],
              [
                -71.07595013978043,
                42.37400720420864
              ],
              [
                -71.07594687292939,
                42.37400619261573
              ],
              [
                -71.07594362545315,
                42.37400514847721
              ],
              [
                -71.07594039735534,
                42.37400407126709
              ],
              [
                -71.07593718933823,
                42.37400296204005
              ],
              [
                -71.07593400282802,
                42.374001819749246
              ],
              [
                -71.07593083639505,
                42.374000645967584
              ],
              [
                -71.0759276928808,
                42.373999440179546
              ],
              [
                -71.07592457086984,
                42.373998201853766
              ],
              [
                -71.07592147248006,
                42.37399693257634
              ],
              [
                -71.07591839842088,
                42.373995632349825
              ],
              [
                -71.0759157363565,
                42.3739944714748
              ],
              [
                -71.07591571088565,
                42.37399446085935
              ],
              [
                -71.07591329447911,
                42.373993380327875
              ],
              [
                -71.07591308298237,
                42.373993284327824
              ],
              [
                -71.07591046731669,
                42.37399208153743
              ],
              [
                -71.07591026573506,
                42.37399198820436
              ],
              [
                -71.07590786247326,
                42.373990851956805
              ],
              [
                -71.07590764535357,
                42.37399074804489
              ],
              [
                -71.07590527694119,
                42.3739895992999
              ],
              [
                -71.07590525148449,
                42.37398958658014
              ],
              [
                -71.07589195949312,
                42.37398305943783
              ],
              [
                -71.07588119917833,
                42.37397777528356
              ],
              [
                -71.07586067637364,
                42.3739676967481
              ],
              [
                -71.07584765170427,
                42.37396130052783
              ],
              [
                -71.07584622622399,
                42.37396015104974
              ],
              [
                -71.07582798180817,
                42.373945709191815
              ],
              [
                -71.07581836854112,
                42.37394098743109
              ],
              [
                -71.07578613784662,
                42.37391595767937
              ],
              [
                -71.07576582074886,
                42.37390017981809
              ],
              [
                -71.07572641753453,
                42.37386958030174
              ],
              [
                -71.07570616046188,
                42.373853848945956
              ],
              [
                -71.0756390369212,
                42.373801722052576
              ],
              [
                -71.0755790747301,
                42.37375515641996
              ],
              [
                -71.07541700639757,
                42.373593349808395
              ],
              [
                -71.07536677241916,
                42.37354319633424
              ],
              [
                -71.07528183684563,
                42.37343181009595
              ],
              [
                -71.075271107141,
                42.373420510280866
              ],
              [
                -71.07524809711127,
                42.37339627828517
              ],
              [
                -71.07523283946486,
                42.37337673386853
              ],
              [
                -71.07521638516603,
                42.37335292641971
              ],
              [
                -71.07519005211842,
                42.373314827318886
              ],
              [
                -71.07517868512909,
                42.37329838113879
              ],
              [
                -71.07517316149439,
                42.37329038906141
              ],
              [
                -71.0751721587882,
                42.37328893916652
              ],
              [
                -71.07516108280214,
                42.3732711046841
              ],
              [
                -71.07513783504771,
                42.37323400862428
              ],
              [
                -71.0751208627759,
                42.373206733437755
              ],
              [
                -71.07510517363751,
                42.373181622543214
              ],
              [
                -71.07510490841563,
                42.373181075493335
              ],
              [
                -71.07510412354314,
                42.3731799399457
              ],
              [
                -71.07504562500094,
                42.37309530023782
              ],
              [
                -71.07500781285975,
                42.37302549081924
              ],
              [
                -71.07499206179284,
                42.37299641146335
              ],
              [
                -71.07490263869371,
                42.37289199046995
              ],
              [
                -71.07485294708334,
                42.372846893333836
              ],
              [
                -71.0748485763453,
                42.37284292685068
              ],
              [
                -71.07483814948385,
                42.3728334636029
              ],
              [
                -71.0748337427804,
                42.37282946489537
              ],
              [
                -71.07483153413975,
                42.372827460787306
              ],
              [
                -71.07479907591454,
                42.372798003477094
              ],
              [
                -71.0747055968452,
                42.372713166941374
              ],
              [
                -71.07454782325416,
                42.37260478775996
              ],
              [
                -71.07454484637334,
                42.372602766600664
              ],
              [
                -71.07454473124696,
                42.37260268936729
              ],
              [
                -71.0745418373898,
                42.37260077162655
              ],
              [
                -71.07454160428497,
                42.372600619253525
              ],
              [
                -71.07453879772241,
                42.372598802842795
              ],
              [
                -71.07453844449658,
                42.37259857742652
              ],
              [
                -71.07453572665818,
                42.3725968607729
              ],
              [
                -71.07453525117243,
                42.372596563883725
              ],
              [
                -71.07453262561964,
                42.372594944895994
              ],
              [
                -71.07453245744958,
                42.37259484274069
              ],
              [
                -71.07452949389018,
                42.372593056261614
              ],
              [
                -71.07452935114414,
                42.372592971560955
              ],
              [
                -71.07452657670271,
                42.372591337292164
              ],
              [
                -71.07452620284936,
                42.37259111969078
              ],
              [
                -71.07452326630123,
                42.37258943116224
              ],
              [
                -71.07452304295559,
                42.372589304603174
              ],
              [
                -71.0745199244817,
                42.3725875549025
              ],
              [
                -71.07451665939617,
                42.37258576783389
              ],
              [
                -71.07451656608279,
                42.37258571751123
              ],
              [
                -71.07451336786585,
                42.37258400960174
              ],
              [
                -71.07451317839414,
                42.372583909998035
              ],
              [
                -71.0745100470565,
                42.37258227966951
              ],
              [
                -71.07450976140879,
                42.37258213341502
              ],
              [
                -71.0745066990894,
                42.37258057909713
              ],
              [
                -71.07450660787258,
                42.37258053351693
              ],
              [
                -71.07450332537991,
                42.372578908415974
              ],
              [
                -71.07450319738767,
                42.372578845339085
              ],
              [
                -71.07449992522572,
                42.37257726657128
              ],
              [
                -71.0744998184325,
                42.37257721619867
              ],
              [
                -71.0744964993292,
                42.37257565461772
              ],
              [
                -71.07449639323839,
                42.372575605299915
              ],
              [
                -71.07449304769027,
                42.37257407255538
              ],
              [
                -71.0744927958776,
                42.37257395904296
              ],
              [
                -71.07448987023798,
                42.372572653013535
              ],
              [
                -71.07448936870213,
                42.372572431783254
              ],
              [
                -71.07448627234317,
                42.37257108619237
              ],
              [
                -71.07448600988144,
                42.37257097369271
              ],
              [
                -71.07448264727289,
                42.37256955136143
              ],
              [
                -71.07448252133823,
                42.37256949881373
              ],
              [
                -71.07447899857094,
                42.37256804905984
              ],
              [
                -71.07447547340992,
                42.37256663875293
              ],
              [
                -71.07447533755337,
                42.372566584590274
              ],
              [
                -71.07447192463846,
                42.372565257819055
              ],
              [
                -71.07447165148169,
                42.37256515317092
              ],
              [
                -71.07446835720509,
                42.372563908906805
              ],
              [
                -71.07446822769485,
                42.37256386055449
              ],
              [
                -71.07446476687078,
                42.37256258937022
              ],
              [
                -71.0744646840579,
                42.372562560129516
              ],
              [
                -71.07446115645567,
                42.37256130185008
              ],
              [
                -71.07446098233399,
                42.3725612407068
              ],
              [
                -71.07445752738573,
                42.37256004529945
              ],
              [
                -71.0744574296988,
                42.372560012321145
              ],
              [
                -71.07445415998667,
                42.37255891334539
              ],
              [
                -71.07445381098785,
                42.37255879789508
              ],
              [
                -71.07445035202882,
                42.37255767138909
              ],
              [
                -71.07445017999308,
                42.37255761656649
              ],
              [
                -71.07444652326303,
                42.37255646407691
              ],
              [
                -71.07444281813714,
                42.3725553340296
              ],
              [
                -71.07444267581761,
                42.372555291416745
              ],
              [
                -71.07443909577184,
                42.37255423548314
              ],
              [
                -71.07443880969612,
                42.37255415288249
              ],
              [
                -71.07443535686949,
                42.37255316949231
              ],
              [
                -71.07443525560343,
                42.372553141235464
              ],
              [
                -71.07443160143002,
                42.37255213605709
              ],
              [
                -71.07443102283328,
                42.37255197977523
              ],
              [
                -71.07442782946062,
                42.372551134125324
              ],
              [
                -71.07442774022012,
                42.37255111117377
              ],
              [
                -71.07442404307902,
                42.37255016528313
              ],
              [
                -71.07442385538197,
                42.37255011829376
              ],
              [
                -71.07442053411795,
                42.37254930005265
              ],
              [
                -71.07442010415872,
                42.37254919640256
              ],
              [
                -71.07441657230015,
                42.37254836002158
              ],
              [
                -71.07441628753018,
                42.37254829426028
              ],
              [
                -71.074412595343,
                42.372547455707775
              ],
              [
                -71.07440875202902,
                42.37254661817427
              ],
              [
                -71.07440860395938,
                42.37254658658777
              ],
              [
                -71.07440489501224,
                42.37254581373291
              ],
              [
                -71.07440459814592,
                42.37254575318763
              ],
              [
                -71.07440102570803,
                42.372545042915085
              ],
              [
                -71.07440057932139,
                42.372544955512616
              ],
              [
                -71.07439714553895,
                42.37254430519992
              ],
              [
                -71.07439706688379,
                42.37254429070477
              ],
              [
                -71.07439325379192,
                42.37254360111084
              ],
              [
                -71.07439313544917,
                42.37254358015591
              ],
              [
                -71.07438935118002,
                42.37254293012445
              ],
              [
                -71.07438920873304,
                42.37254290644991
              ],
              [
                -71.07438573961352,
                42.37254234123098
              ],
              [
                -71.07438520948514,
                42.37254225720112
              ],
              [
                -71.074381667149,
                42.37254171275439
              ],
              [
                -71.07438150342165,
                42.372541688475
              ],
              [
                -71.07437758450784,
                42.372541120539395
              ],
              [
                -71.07437364409056,
                42.37254058514105
              ],
              [
                -71.0743734923958,
                42.37254056511484
              ],
              [
                -71.0743696956391,
                42.37254008390801
              ],
              [
                -71.07436939152244,
                42.372540046483266
              ],
              [
                -71.07436573915706,
                42.37253961631418
              ],
              [
                -71.07436568244226,
                42.37253960979137
              ],
              [
                -71.07436177676566,
                42.372539183419555
              ],
              [
                -71.07436170374021,
                42.37253917578425
              ],
              [
                -71.07435780634356,
                42.37253878416416
              ],
              [
                -71.07435772906133,
                42.372538776513096
              ],
              [
                -71.07435383001922,
                42.3725384185559
              ],
              [
                -71.07435371231158,
                42.372538408650925
              ],
              [
                -71.07435015624392,
                42.37253811246182
              ],
              [
                -71.0743498038199,
                42.372538084327736
              ],
              [
                -71.07434601707317,
                42.37253780254115
              ],
              [
                -71.07434586389572,
                42.372537791978836
              ],
              [
                -71.07434187339771,
                42.37253752942927
              ],
              [
                -71.07429176834327,
                42.37253445688801
              ],
              [
                -71.07428854365119,
                42.37253425924802
              ],
              [
                -71.074282963736,
                42.37253391716309
              ],
              [
                -71.07424019668463,
                42.37253129472393
              ],
              [
                -71.07410663193853,
                42.37253258685538
              ],
              [
                -71.07403245878687,
                42.37254251552069
              ],
              [
                -71.0740260946558,
                42.37254336734981
              ],
              [
                -71.07399118922068,
                42.37254803908588
              ],
              [
                -71.0739868744044,
                42.37254863178006
              ],
              [
                -71.07398626011732,
                42.37254871841249
              ],
              [
                -71.073982192933,
                42.372549307814936
              ],
              [
                -71.0739813399853,
                42.372549435123695
              ],
              [
                -71.0739774096641,
                42.37255003450229
              ],
              [
                -71.07397716676444,
                42.372550072532576
              ],
              [
                -71.07397316381534,
                42.37255071057189
              ],
              [
                -71.07397250966345,
                42.372550817047625
              ],
              [
                -71.07396827211203,
                42.37255152523863
              ],
              [
                -71.07396786440006,
                42.37255159474931
              ],
              [
                -71.07396339222149,
                42.37255237677442
              ],
              [
                -71.07396322884229,
                42.372552406155854
              ],
              [
                -71.07395880332182,
                42.37255321307929
              ],
              [
                -71.07395852343065,
                42.37255326570279
              ],
              [
                -71.07395441807428,
                42.3725540448775
              ],
              [
                -71.07395366787854,
                42.372554190453364
              ],
              [
                -71.07394959000341,
                42.372554997611914
              ],
              [
                -71.07394938823502,
                42.372555038424856
              ],
              [
                -71.07394498973842,
                42.37255594119433
              ],
              [
                -71.07394479861557,
                42.37255598152064
              ],
              [
                -71.0739407835673,
                42.37255683573263
              ],
              [
                -71.07394022083368,
                42.372556957803084
              ],
              [
                -71.07393597677716,
                42.37255789428723
              ],
              [
                -71.0739356570247,
                42.37255796622793
              ],
              [
                -71.07393118606008,
                42.372558989200584
              ],
              [
                -71.07393110576275,
                42.372559007842064
              ],
              [
                -71.07392677029537,
                42.37256003289467
              ],
              [
                -71.07392641000415,
                42.37256011941542
              ],
              [
                -71.07392229602124,
                42.37256112582334
              ],
              [
                -71.07392165002122,
                42.37256128598907
              ],
              [
                -71.07391776465292,
                42.37256226851784
              ],
              [
                -71.07391753722673,
                42.37256232659634
              ],
              [
                -71.07391325791724,
                42.372563440763905
              ],
              [
                -71.07391304327209,
                42.37256349731147
              ],
              [
                -71.07390866137048,
                42.37256467475443
              ],
              [
                -71.07390856541534,
                42.37256470070295
              ],
              [
                -71.07390433823744,
                42.37256586977555
              ],
              [
                -71.07390410366699,
                42.372565935192625
              ],
              [
                -71.07389965801646,
                42.3725672023587
              ],
              [
                -71.07389523913051,
                42.37256849855808
              ],
              [
                -71.07389506140593,
                42.37256855103375
              ],
              [
                -71.07389078232018,
                42.37256984249003
              ],
              [
                -71.07389048372046,
                42.37256993397392
              ],
              [
                -71.07388626979555,
                42.37257124197984
              ],
              [
                -71.07388592496356,
                42.37257135065305
              ],
              [
                -71.07388186365878,
                42.372572646598286
              ],
              [
                -71.07388138513168,
                42.37257280159727
              ],
              [
                -71.07387741602543,
                42.372574102618614
              ],
              [
                -71.07387686494128,
                42.3725742857571
              ],
              [
                -71.07387301008382,
                42.37257558351893
              ],
              [
                -71.07387286359344,
                42.37257563347989
              ],
              [
                -71.07386861952695,
                42.3725770976191
              ],
              [
                -71.07386846591356,
                42.37257715176232
              ],
              [
                -71.07386425572759,
                42.37257864180474
              ],
              [
                -71.07386408788231,
                42.37257870220814
              ],
              [
                -71.07385988739824,
                42.37258022648154
              ],
              [
                -71.07385973092217,
                42.37258028429668
              ],
              [
                -71.07385570301903,
                42.37258178237917
              ],
              [
                -71.07385539503314,
                42.372581898027825
              ],
              [
                -71.0738512281706,
                42.37258348660712
              ],
              [
                -71.07385108092464,
                42.37258354340426
              ],
              [
                -71.07384727304438,
                42.37258502914962
              ],
              [
                -71.07384678859673,
                42.37258522042602
              ],
              [
                -71.07384292071694,
                42.372586765921966
              ],
              [
                -71.07384251876236,
                42.37258692856962
              ],
              [
                -71.07383859158193,
                42.372588535396986
              ],
              [
                -71.07383827142161,
                42.372588667835046
              ],
              [
                -71.07383428635227,
                42.372590337051285
              ],
              [
                -71.07383404728736,
                42.372590437698896
              ],
              [
                -71.0738300057446,
                42.37259216983531
              ],
              [
                -71.07382984777512,
                42.37259223869253
              ],
              [
                -71.07382575046128,
                42.37259403480382
              ],
              [
                -71.07382567218245,
                42.3725940697611
              ],
              [
                -71.07382152050576,
                42.37259593143075
              ],
              [
                -71.07381757778427,
                42.3725977386361
              ],
              [
                -71.0738172881203,
                42.372597872765304
              ],
              [
                -71.07381363124584,
                42.37259958580919
              ],
              [
                -71.07381308248159,
                42.37259984576354
              ],
              [
                -71.07380949652875,
                42.37260156275263
              ],
              [
                -71.0738089035932,
                42.37260184989944
              ],
              [
                -71.07380558930878,
                42.372603471096305
              ],
              [
                -71.07380528605852,
                42.37260362095753
              ],
              [
                -71.07380157503394,
                42.372605473211436
              ],
              [
                -71.07380129169833,
                42.372605615781346
              ],
              [
                -71.07379748571537,
                42.37260755659064
              ],
              [
                -71.07379732338973,
                42.37260764016193
              ],
              [
                -71.07379381902163,
                42.37260946319475
              ],
              [
                -71.07379338327164,
                42.372609692529046
              ],
              [
                -71.0737897725475,
                42.37261161091411
              ],
              [
                -71.07378946991801,
                42.37261177392957
              ],
              [
                -71.07378575566867,
                42.3726137887295
              ],
              [
                -71.073785583336,
                42.37261388331134
              ],
              [
                -71.07378176767557,
                42.37261599663833
              ],
              [
                -71.07378172494451,
                42.372616020679665
              ],
              [
                -71.07377827791862,
                42.37261796755308
              ],
              [
                -71.07377781069671,
                42.37261823464847
              ],
              [
                -71.07377423233812,
                42.37262029835084
              ],
              [
                -71.0737738840332,
                42.372620501179036
              ],
              [
                -71.07377047491039,
                42.3726225086918
              ],
              [
                -71.0737699876744,
                42.372622797808326
              ],
              [
                -71.07376673286022,
                42.372624753284825
              ],
              [
                -71.07376657898074,
                42.372624846882836
              ],
              [
                -71.07376301471895,
                42.372627029531046
              ],
              [
                -71.07376286652934,
                42.372627121045824
              ],
              [
                -71.07375931906762,
                42.37262933742525
              ],
              [
                -71.07375918369455,
                42.37262942214849
              ],
              [
                -71.07375564733583,
                42.37263167539448
              ],
              [
                -71.0737555311857,
                42.37263175019343
              ],
              [
                -71.07375223040135,
                42.37263389436164
              ],
              [
                -71.07375190971945,
                42.372634104131194
              ],
              [
                -71.07374851813049,
                42.37263635212651
              ],
              [
                -71.07374831929215,
                42.37263648448778
              ],
              [
                -71.07374483902348,
                42.37263883684424
              ],
              [
                -71.0737447606169,
                42.37263889073987
              ],
              [
                -71.0737412821715,
                42.37264128834574
              ],
              [
                -71.07374119378275,
                42.372641349569484
              ],
              [
                -71.07373782478996,
                42.37264371864651
              ],
              [
                -71.07373758312116,
                42.3726438897789
              ],
              [
                -71.07373447331739,
                42.37264611987918
              ],
              [
                -71.07373400846488,
                42.37264645642561
              ],
              [
                -71.07373096323656,
                42.37264868466074
              ],
              [
                -71.07372760684002,
                42.37265118477789
              ],
              [
                -71.07372745067602,
                42.37265130151488
              ],
              [
                -71.0737241951938,
                42.37265377675405
              ],
              [
                -71.07372408893,
                42.37265385842866
              ],
              [
                -71.073721201859,
                42.37265609514082
              ],
              [
                -71.07372085166678,
                42.37265636740433
              ],
              [
                -71.07372075965972,
                42.372656439136264
              ],
              [
                -71.07371779240476,
                42.3726587828714
              ],
              [
                -71.0737174649899,
                42.37265904417165
              ],
              [
                -71.07371442108068,
                42.37266149757315
              ],
              [
                -71.07371420492774,
                42.37266167248263
              ],
              [
                -71.07371108507009,
                42.37266423607932
              ],
              [
                -71.0737109794732,
                42.37266432406932
              ],
              [
                -71.07370778861916,
                42.37266699998376
              ],
              [
                -71.07367450039744,
                42.372695190732706
              ],
              [
                -71.07363963731731,
                42.3727247155588
              ],
              [
                -71.07362138873886,
                42.37274016989022
              ],
              [
                -71.07361944727697,
                42.372741267986626
              ],
              [
                -71.07361654594177,
                42.37274372507049
              ],
              [
                -71.07355578724606,
                42.37277809271467
              ],
              [
                -71.07349534256635,
                42.37281228262407
              ],
              [
                -71.07338399014972,
                42.37287526752656
              ],
              [
                -71.07334389086152,
                42.37289794906845
              ],
              [
                -71.07324473539542,
                42.372954034827224
              ],
              [
                -71.07323437025114,
                42.37295806401852
              ],
              [
                -71.07306897877245,
                42.37302235428532
              ],
              [
                -71.07302697817778,
                42.37303868098729
              ],
              [
                -71.07295095347199,
                42.37308261363755
              ],
              [
                -71.07288340894446,
                42.373121646257474
              ],
              [
                -71.07285759225178,
                42.37313442671392
              ],
              [
                -71.07267560298045,
                42.37322452157599
              ],
              [
                -71.07266835255722,
                42.373228110910865
              ],
              [
                -71.07266763240088,
                42.3732282192383
              ],
              [
                -71.0724956053156,
                42.37282340908765
              ],
              [
                -71.07238904421972,
                42.37257938566038
              ],
              [
                -71.07238705790877,
                42.372574837159334
              ],
              [
                -71.07124096357929,
                42.372390305157225
              ],
              [
                -71.07092840135452,
                42.372339977584815
              ],
              [
                -71.06944214813603,
                42.37210065443592
              ],
              [
                -71.06709617807647,
                42.37172285259366
              ],
              [
                -71.06694133755808,
                42.37169442489198
              ],
              [
                -71.06662145759654,
                42.37163569704912
              ],
              [
                -71.06656495877846,
                42.371625323997165
              ],
              [
                -71.06447927129214,
                42.36957082819185
              ],
              [
                -71.06447652716653,
                42.36956773286874
              ],
              [
                -71.06408165447186,
                42.36912234706333
              ],
              [
                -71.06404249527229,
                42.369078178903635
              ],
              [
                -71.06403937423399,
                42.3690745008226
              ],
              [
                -71.06404418006771,
                42.36907428756201
              ],
              [
                -71.06404734161194,
                42.3690741475074
              ],
              [
                -71.06416984473069,
                42.36907018319569
              ],
              [
                -71.06479407705909,
                42.36904998051838
              ],
              [
                -71.06577081040423,
                42.36901836248173
              ],
              [
                -71.06613133090552,
                42.369006689808174
              ],
              [
                -71.06783163465144,
                42.36895162353079
              ],
              [
                -71.06801121195754,
                42.368951926682
              ],
              [
                -71.06814974078343,
                42.36895244685967
              ],
              [
                -71.06932314845045,
                42.3689489409271
              ],
              [
                -71.06941952663749,
                42.36895098678085
              ],
              [
                -71.0695816976651,
                42.368954427199455
              ],
              [
                -71.06989714395388,
                42.36861109057349
              ],
              [
                -71.07029626921891,
                42.368176669307836
              ],
              [
                -71.07046956185738,
                42.367988049822436
              ],
              [
                -71.07063052396897,
                42.367812850639574
              ],
              [
                -71.07121976426997,
                42.367171479238074
              ],
              [
                -71.07278102071113,
                42.36547201951429
              ],
              [
                -71.07402448197341,
                42.36411840586182
              ],
              [
                -71.07436972027372,
                42.363746178503625
              ],
              [
                -71.07484939393872,
                42.36190344979214
              ],
              [
                -71.07510401643196,
                42.36166662073491
              ],
              [
                -71.07510434796434,
                42.361666159534856
              ],
              [
                -71.07512772194727,
                42.36163365992683
              ],
              [
                -71.07521933588407,
                42.36150627595445
              ],
              [
                -71.07522114455455,
                42.36150641099823
              ],
              [
                -71.07522150330162,
                42.361506439153324
              ],
              [
                -71.07848061224455,
                42.36176125515097
              ],
              [
                -71.0789201056692,
                42.36178001581195
              ],
              [
                -71.0796777362228,
                42.36184452900252
              ],
              [
                -71.08009445908785,
                42.36187966616531
              ],
              [
                -71.08311712204451,
                42.36210470052836
              ],
              [
                -71.08432521824724,
                42.362666808677325
              ],
              [
                -71.08462337426137,
                42.3627982295998
              ],
              [
                -71.08571349592101,
                42.363263167563986
              ],
              [
                -71.08591787246947,
                42.36334279610113
              ],
              [
                -71.08612570556815,
                42.36342449473529
              ],
              [
                -71.08619744260503,
                42.36345287972473
              ],
              [
                -71.08636733602876,
                42.363536499436336
              ],
              [
                -71.08718974345734,
                42.36388520865052
              ],
              [
                -71.08739523611054,
                42.36397169862587
              ],
              [
                -71.08872184285447,
                42.36452938258728
              ],
              [
                -71.0890228988395,
                42.36464433816124
              ],
              [
                -71.08941026959896,
                42.36478704194849
              ],
              [
                -71.08972935730407,
                42.36490343204216
              ],
              [
                -71.08971302214105,
                42.36499735844878
              ],
              [
                -71.08971016249194,
                42.36501038292603
              ],
              [
                -71.08970730213568,
                42.365023406874585
              ],
              [
                -71.08970421122551,
                42.36503643052666
              ],
              [
                -71.0897013515762,
                42.36504945447751
              ],
              [
                -71.08969826066694,
                42.365062477603324
              ],
              [
                -71.08969540101185,
                42.36507550208002
              ],
              [
                -71.08969231454986,
                42.365087839213416
              ],
              [
                -71.08968922363347,
                42.36510086286493
              ],
              [
                -71.08968613271917,
                42.365113885990205
              ],
              [
                -71.08968281054118,
                42.36512690881647
              ],
              [
                -71.08967971962427,
                42.36513993194152
              ],
              [
                -71.08967662870273,
                42.365152955592514
              ],
              [
                -71.08967331097413,
                42.36516529190022
              ],
              [
                -71.08967022005345,
                42.365178315024906
              ],
              [
                -71.08966689715942,
                42.36519133784799
              ],
              [
                -71.08966357497677,
                42.36520436014736
              ],
              [
                -71.08966025278934,
                42.3652173829727
              ],
              [
                -71.0895191522246,
                42.36575609172715
              ],
              [
                -71.0892858228702,
                42.366642968703275
              ],
              [
                -71.08911299466989,
                42.36729407087706
              ],
              [
                -71.08877528824759,
                42.36858120992821
              ],
              [
                -71.0886640760078,
                42.36900271475547
              ],
              [
                -71.08849330751656,
                42.36965519455104
              ],
              [
                -71.08824593772935,
                42.37059827267777
              ],
              [
                -71.08820679336819,
                42.37074905728661
              ],
              [
                -71.08820300803374,
                42.37076207787154
              ],
              [
                -71.08819921823132,
                42.37077578444746
              ],
              [
                -71.08819543218085,
                42.37078880555559
              ],
              [
                -71.08819141556192,
                42.37080182531207
              ],
              [
                -71.08818739893793,
                42.370814845594396
              ],
              [
                -71.08818338231569,
                42.37082786535048
              ],
              [
                -71.08817913440842,
                42.37084088480444
              ],
              [
                -71.0881748865029,
                42.370853903732105
              ],
              [
                -71.08817063859213,
                42.37086692318568
              ],
              [
                -71.08816615940304,
                42.37087994128491
              ],
              [
                -71.08816168020863,
                42.37089295991003
              ],
              [
                -71.08815720477328,
                42.370905292015166
              ],
              [
                -71.08815249429847,
                42.37091830928571
              ],
              [
                -71.08814778381833,
                42.37093132708208
              ],
              [
                -71.08814307333964,
                42.37094434435215
              ],
              [
                -71.08813813157525,
                42.37095736131996
              ],
              [
                -71.08813318981225,
                42.37097037776144
              ],
              [
                -71.08812802123056,
                42.37098270790952
              ],
              [
                -71.0880939264009,
                42.371068338294165
              ],
              [
                -71.08808898908777,
                42.37108066874227
              ],
              [
                -71.08808428305011,
                42.37109300054445
              ],
              [
                -71.08807934055602,
                42.37110601698071
              ],
              [
                -71.08807486579894,
                42.37111834908457
              ],
              [
                -71.08807015975573,
                42.371130680886054
              ],
              [
                -71.08806568499517,
                42.37114301298952
              ],
              [
                -71.08806120576145,
                42.371156031609935
              ],
              [
                -71.08805673099735,
                42.37116836371293
              ],
              [
                -71.08805248750919,
                42.3711806971701
              ],
              [
                -71.08804823955475,
                42.37119371609213
              ],
              [
                -71.08804422734795,
                42.37120604985111
              ],
              [
                -71.08803997867722,
                42.37121906929627
              ],
              [
                -71.08803596646715,
                42.37123140305492
              ],
              [
                -71.0880321855335,
                42.371243738167784
              ],
              [
                -71.08802816885209,
                42.37125675791716
              ],
              [
                -71.08802438791542,
                42.37126909302968
              ],
              [
                -71.08800635919303,
                42.37133831622715
              ],
              [
                -71.08779105302999,
                42.37215047793982
              ],
              [
                -71.08767552615998,
                42.372593232795076
              ],
              [
                -71.08746494983593,
                42.37338826048013
              ],
              [
                -71.08746348077449,
                42.373392783172186
              ],
              [
                -71.08743741992681,
                42.37338643778789
              ],
              [
                -71.08738305272615,
                42.37337319971621
              ],
              [
                -71.08736013704228,
                42.373367620518955
              ],
              [
                -71.087212733704,
                42.37333172970013
              ],
              [
                -71.08721270962309,
                42.373331723300815
              ],
              [
                -71.0871891514811,
                42.373325987622756
              ],
              [
                -71.08665527250447,
                42.37319599343185
              ],
              [
                -71.08612969489452,
                42.37307094177411
              ],
              [
                -71.08606498098708,
                42.37305586981672
              ],
              [
                -71.08606471604037,
                42.373055808364235
              ],
              [
                -71.08543166902285,
                42.37403737451966
              ],
              [
                -71.08542090003594,
                42.374054072380346
              ],
              [
                -71.08530752367693,
                42.3739616083447
              ],
              [
                -71.08529234146074,
                42.37393688367213
              ],
              [
                -71.08516717548457,
                42.373733049237636
              ],
              [
                -71.08514263083343,
                42.37369307815822
              ],
              [
                -71.08513715104478,
                42.37368415398498
              ],
              [
                -71.08512467598207,
                42.37365949271149
              ],
              [
                -71.08511066399895,
                42.373635288842685
              ],
              [
                -71.08509514667146,
                42.373611596152
              ],
              [
                -71.08507815630556,
                42.37358846525883
              ],
              [
                -71.08505973088637,
                42.373565946277104
              ],
              [
                -71.08503990981772,
                42.37354408932579
              ],
              [
                -71.08501873678775,
                42.37352294033061
              ],
              [
                -71.0850129540647,
                42.373517694453845
              ],
              [
                -71.0849962568964,
                42.37350254627452
              ],
              [
                -71.08499119158381,
                42.37349836513811
              ],
              [
                -71.08497667027501,
                42.3734863781226
              ],
              [
                -71.0849725195176,
                42.373482951525595
              ],
              [
                -71.08494757687671,
                42.373464198357716
              ],
              [
                -71.08492148263164,
                42.37344632694582
              ],
              [
                -71.08489429256845,
                42.37342937747242
              ],
              [
                -71.08488356519214,
                42.37342329937558
              ],
              [
                -71.08486606747049,
                42.37341338540336
              ],
              [
                -71.08483686740792,
                42.37339838672805
              ],
              [
                -71.08480675673513,
                42.3733844132428
              ],
              [
                -71.08477479281603,
                42.37337109802384
              ],
              [
                -71.08474327796382,
                42.373359412105096
              ],
              [
                -71.08474200185667,
                42.373358938762166
              ],
              [
                -71.08470846029944,
                42.373347963089245
              ],
              [
                -71.08467424530984,
                42.37333819653482
              ],
              [
                -71.08465279520028,
                42.373332907223464
              ],
              [
                -71.08464188880966,
                42.37333021798393
              ],
              [
                -71.0846090832003,
                42.373323320998644
              ],
              [
                -71.08457589437508,
                42.37331751896851
              ],
              [
                -71.08454238894707,
                42.37331282370757
              ],
              [
                -71.08450863354294,
                42.37330924492554
              ],
              [
                -71.08447469622568,
                42.37330678970714
              ],
              [
                -71.08444064436603,
                42.37330546250419
              ],
              [
                -71.08440654676389,
                42.37330526619564
              ],
              [
                -71.08437247152364,
                42.37330620155356
              ],
              [
                -71.08433848677036,
                42.37330826619371
              ],
              [
                -71.08430466063943,
                42.37331145615382
              ],
              [
                -71.08411676569533,
                42.37333640651612
              ],
              [
                -71.08408796708711,
                42.37334023062705
              ],
              [
                -71.08386082488306,
                42.373370153728565
              ],
              [
                -71.08375463173564,
                42.373375194445
              ],
              [
                -71.08360755648971,
                42.37338148067021
              ],
              [
                -71.0830083476007,
                42.3733544129008
              ],
              [
                -71.08277665041815,
                42.373369842288845
              ],
              [
                -71.08269252613164,
                42.37337517828501
              ],
              [
                -71.0825935233166,
                42.37338649488454
              ],
              [
                -71.08240890711171,
                42.37341396691038
              ],
              [
                -71.08224179158695,
                42.37345790849664
              ],
              [
                -71.08218006837927,
                42.37348026047708
              ],
              [
                -71.08199603999456,
                42.37355870682026
              ],
              [
                -71.08199551033528,
                42.37355908577679
              ],
              [
                -71.08189522870015,
                42.373630808881664
              ],
              [
                -71.08187776632157,
                42.37364329870716
              ],
              [
                -71.08182904891969,
                42.373683626016955
              ],
              [
                -71.08180687237936,
                42.37370323390351
              ],
              [
                -71.08178752755309,
                42.37372078406428
              ],
              [
                -71.08174806312984,
                42.373760814601354
              ],
              [
                -71.08173219450558,
                42.373774870023446
              ],
              [
                -71.08172638799351,
                42.37377915907539
              ],
              [
                -71.08171863647131,
                42.37378488461537
              ],
              [
                -71.08171853607972,
                42.373784937910365
              ],
              [
                -71.08171379475891,
                42.37378844013823
              ],
              [
                -71.08171154557755,
                42.37378963141973
              ],
              [
                -71.08169884862293,
                42.373796357464386
              ],
              [
                -71.08168190923489,
                42.37380345737864
              ],
              [
                -71.08166110193585,
                42.37380944319306
              ],
              [
                -71.08164010289313,
                42.37381159424298
              ],
              [
                -71.08160002965906,
                42.37382061699985
              ],
              [
                -71.08157210763643,
                42.3738269041415
              ],
              [
                -71.08141706025737,
                42.37386240119632
              ],
              [
                -71.08138338965622,
                42.37387010988274
              ],
              [
                -71.0813634807526,
                42.37387456171005
              ],
              [
                -71.08126146064221,
                42.37389737310983
              ],
              [
                -71.08118480441298,
                42.3739150301814
              ],
              [
                -71.0811512826666,
                42.373922751441754
              ],
              [
                -71.08109521310602,
                42.37393645995789
              ],
              [
                -71.08101632454152,
                42.37395574699802
              ],
              [
                -71.08101541976804,
                42.37395619981307
              ],
              [
                -71.08093567916637,
                42.373996134397714
              ],
              [
                -71.0809356677728,
                42.37399614066916
              ],
              [
                -71.08093555080067,
                42.37399623335898
              ],
              [
                -71.08093150800782,
                42.37399924095475
              ],
              [
                -71.08093041735768,
                42.37400001294796
              ],
              [
                -71.08093036459104,
                42.37400005273775
              ],
              [
                -71.08092853059189,
                42.37400143595706
              ],
              [
                -71.08092666552533,
                42.37400279644176
              ],
              [
                -71.08092548290908,
                42.374003634911936
              ],
              [
                -71.08092368816295,
                42.37400487623281
              ],
              [
                -71.08092247731368,
                42.37400569250476
              ],
              [
                -71.08092113333448,
                42.37400657720809
              ],
              [
                -71.08092090816186,
                42.37400672368983
              ],
              [
                -71.0809194211304,
                42.374007675210066
              ],
              [
                -71.08091909196544,
                42.37400788286424
              ],
              [
                -71.08091771482516,
                42.374008739564445
              ],
              [
                -71.08091633711486,
                42.374009575219475
              ],
              [
                -71.08091610702812,
                42.37400971379218
              ],
              [
                -71.08091456421575,
                42.374010624601006
              ],
              [
                -71.08091424798529,
                42.37401080757657
              ],
              [
                -71.08091283995189,
                42.37401161523889
              ],
              [
                -71.08091279294474,
                42.37401164242374
              ],
              [
                -71.08091135870576,
                42.37401244315149
              ],
              [
                -71.08091111943405,
                42.37401257590384
              ],
              [
                -71.0809095372356,
                42.374013434487345
              ],
              [
                -71.0809091854996,
                42.37401362206825
              ],
              [
                -71.08090772237043,
                42.374014392704225
              ],
              [
                -71.0809077152512,
                42.37401439636085
              ],
              [
                -71.08090623872894,
                42.374015153796044
              ],
              [
                -71.0809059924112,
                42.37401527915762
              ],
              [
                -71.08090431244692,
                42.37401611581558
              ],
              [
                -71.08090400281087,
                42.37401626725041
              ],
              [
                -71.080902496682,
                42.37401699564334
              ],
              [
                -71.0809009771635,
                42.37401771030944
              ],
              [
                -71.0809007230868,
                42.37401782880371
              ],
              [
                -71.08089901299107,
                42.374018608535316
              ],
              [
                -71.08089868066904,
                42.37401875725709
              ],
              [
                -71.08089713724067,
                42.37401943974519
              ],
              [
                -71.08089558184874,
                42.37402010745949
              ],
              [
                -71.08089532143893,
                42.37402021803948
              ],
              [
                -71.0808935278437,
                42.374020964323805
              ],
              [
                -71.08089349298145,
                42.37402097892705
              ],
              [
                -71.08089165045627,
                42.37402172135054
              ],
              [
                -71.08089012534361,
                42.37402231657614
              ],
              [
                -71.08088987068629,
                42.37402241560336
              ],
              [
                -71.08088809319464,
                42.374023087243096
              ],
              [
                -71.08088807896661,
                42.37402309297812
              ],
              [
                -71.08088627529726,
                42.374023753474745
              ],
              [
                -71.08088623475565,
                42.374023768583335
              ],
              [
                -71.08088468013739,
                42.37402431951079
              ],
              [
                -71.08088442056254,
                42.374024411154934
              ],
              [
                -71.08088260864076,
                42.374025032165555
              ],
              [
                -71.08088259584218,
                42.37402503632755
              ],
              [
                -71.0808807605911,
                42.374025644627224
              ],
              [
                -71.08088071508655,
                42.37402565919168
              ],
              [
                -71.08087913736209,
                42.37402616373987
              ],
              [
                -71.08087887358259,
                42.37402624747756
              ],
              [
                -71.08087715520608,
                42.374026777817235
              ],
              [
                -71.08087675709028,
                42.37402689789096
              ],
              [
                -71.08087516183433,
                42.37402737133661
              ],
              [
                -71.08087510140973,
                42.3740273890031
              ],
              [
                -71.08087350697828,
                42.37402784509115
              ],
              [
                -71.08087324112263,
                42.37402792093001
              ],
              [
                -71.08087140584873,
                42.37402842559196
              ],
              [
                -71.08087110377458,
                42.37402850655965
              ],
              [
                -71.08086949393666,
                42.37402893207891
              ],
              [
                -71.08086940083048,
                42.374028956465374
              ],
              [
                -71.0808677584191,
                42.37402937239648
              ],
              [
                -71.08086748480444,
                42.37402944136808
              ],
              [
                -71.08086561723586,
                42.37402989435647
              ],
              [
                -71.08086528396187,
                42.3740299725801
              ],
              [
                -71.08086362472851,
                42.37403035741123
              ],
              [
                -71.08086195850484,
                42.374030726434455
              ],
              [
                -71.0808616806856,
                42.37403078749953
              ],
              [
                -71.08085979645195,
                42.37403118571489
              ],
              [
                -71.08085945259143,
                42.37403125548269
              ],
              [
                -71.08085777594167,
                42.37403159185097
              ],
              [
                -71.08085610295439,
                42.374031910872006
              ],
              [
                -71.08085582377191,
                42.37403196351482
              ],
              [
                -71.08085400740626,
                42.374032291482834
              ],
              [
                -71.08085358547818,
                42.374032364648656
              ],
              [
                -71.08085190135526,
                42.37403265101218
              ],
              [
                -71.08085186796774,
                42.37403265720342
              ],
              [
                -71.08085017187774,
                42.37403292931918
              ],
              [
                -71.08084988849063,
                42.37403297405551
              ],
              [
                -71.08084807888334,
                42.374033245757545
              ],
              [
                -71.0808476201075,
                42.37403331195007
              ],
              [
                -71.08084591146638,
                42.37403355087705
              ],
              [
                -71.08084419867296,
                42.37403377400651
              ],
              [
                -71.08084391321323,
                42.37403381031796
              ],
              [
                -71.08084205567476,
                42.37403403449821
              ],
              [
                -71.08084162681226,
                42.37403408343908
              ],
              [
                -71.08083990856609,
                42.374034272879555
              ],
              [
                -71.08083966645802,
                42.3740342983013
              ],
              [
                -71.08083781982332,
                42.37403448306527
              ],
              [
                -71.08082389985245,
                42.37403581066963
              ],
              [
                -71.08081049956091,
                42.37403708913634
              ],
              [
                -71.0808074084419,
                42.374037384050105
              ],
              [
                -71.08068651188864,
                42.37404891593586
              ],
              [
                -71.08062232122148,
                42.37407620533382
              ],
              [
                -71.08049097130132,
                42.37413204735971
              ],
              [
                -71.08048875650407,
                42.3741329699164
              ],
              [
                -71.08048857651255,
                42.374133043437105
              ],
              [
                -71.08048638402677,
                42.37413391820193
              ],
              [
                -71.08048636055446,
                42.37413392705969
              ],
              [
                -71.08048409077328,
                42.37413479575567
              ],
              [
                -71.08048402248832,
                42.37413482181063
              ],
              [
                -71.0804817010403,
                42.37413567137934
              ],
              [
                -71.08048166192445,
                42.374135685440805
              ],
              [
                -71.08047959458928,
                42.37413641125546
              ],
              [
                -71.0804792831233,
                42.3741365174397
              ],
              [
                -71.08047709299495,
                42.374137250697714
              ],
              [
                -71.08047688324,
                42.374137318849066
              ],
              [
                -71.08047457176532,
                42.374138055347046
              ],
              [
                -71.08047446583234,
                42.37413808810365
              ],
              [
                -71.08047203018742,
                42.37413882572699
              ],
              [
                -71.08046959337126,
                42.37413952599438
              ],
              [
                -71.08046946968722,
                42.37413956079055
              ],
              [
                -71.08046713902384,
                42.37414019515907
              ],
              [
                -71.08046710703769,
                42.37414020398579
              ],
              [
                -71.08046466714859,
                42.37414083269511
              ],
              [
                -71.08046462095535,
                42.374140844100395
              ],
              [
                -71.08046216922133,
                42.374141440149536
              ],
              [
                -71.0804621208996,
                42.374141451547054
              ],
              [
                -71.08045964737396,
                42.374142017004125
              ],
              [
                -71.08045960616107,
                42.374142026323256
              ],
              [
                -71.08045729841277,
                42.37414252189029
              ],
              [
                -71.08045707816207,
                42.37414256790805
              ],
              [
                -71.08045464914777,
                42.3741430546155
              ],
              [
                -71.08045453832516,
                42.37414307578056
              ],
              [
                -71.08045198664331,
                42.37414355099292
              ],
              [
                -71.08044943733421,
                42.37414398938834
              ],
              [
                -71.08044931090643,
                42.3741440099704
              ],
              [
                -71.08044698697842,
                42.37414437764103
              ],
              [
                -71.08044684990487,
                42.374144398710335
              ],
              [
                -71.08044432449722,
                42.37414476354182
              ],
              [
                -71.08044426696965,
                42.37414477227532
              ],
              [
                -71.08044173468704,
                42.37414510393862
              ],
              [
                -71.08044167646045,
                42.374145111091416
              ],
              [
                -71.08043915505391,
                42.37414540754703
              ],
              [
                -71.08043907695131,
                42.37414541620555
              ],
              [
                -71.08043669846862,
                42.37414566530922
              ],
              [
                -71.0804364705706,
                42.374145687625486
              ],
              [
                -71.08043397303761,
                42.37414591472569
              ],
              [
                -71.08043385874433,
                42.37414592430435
              ],
              [
                -71.0804312421785,
                42.3741461267707
              ],
              [
                -71.08042868546765,
                42.37414629052546
              ],
              [
                -71.08042850660428,
                42.37414630092077
              ],
              [
                -71.08042605445628,
                42.374146424548755
              ],
              [
                -71.08042576773038,
                42.37414643770709
              ],
              [
                -71.08042345063922,
                42.37414652342389
              ],
              [
                -71.08042336831812,
                42.374146526280086
              ],
              [
                -71.0804208470455,
                42.37414658863071
              ],
              [
                -71.0804207391899,
                42.374146590341624
              ],
              [
                -71.0804182025285,
                42.37414661949306
              ],
              [
                -71.0804181074506,
                42.37414662019846
              ],
              [
                -71.08041570509815,
                42.37414661722287
              ],
              [
                -71.08041539648289,
                42.374146614518914
              ],
              [
                -71.08041295958209,
                42.37414657880035
              ],
              [
                -71.08041268930694,
                42.37414657202764
              ],
              [
                -71.0804102164493,
                42.374146501982736
              ],
              [
                -71.08040760761845,
                42.37414639409019
              ],
              [
                -71.08040747711172,
                42.37414638782731
              ],
              [
                -71.08040500043343,
                42.37414625200842
              ],
              [
                -71.08040474086339,
                42.374146235805355
              ],
              [
                -71.08040239843822,
                42.37414607627656
              ],
              [
                -71.08040231830833,
                42.37414606967132
              ],
              [
                -71.0803998016397,
                42.37414586584234
              ],
              [
                -71.08039970945913,
                42.374145857614906
              ],
              [
                -71.08039746811232,
                42.37414564847717
              ],
              [
                -71.08039708594808,
                42.374145609731556
              ],
              [
                -71.08039475263705,
                42.37414535975023
              ],
              [
                -71.08039455129361,
                42.37414533639442
              ],
              [
                -71.080392043795,
                42.37414503369585
              ],
              [
                -71.08038947201261,
                42.374144688676445
              ],
              [
                -71.0803893444241,
                42.37414467032435
              ],
              [
                -71.08038690967686,
                42.37414431002237
              ],
              [
                -71.08038665380785,
                42.37414427068525
              ],
              [
                -71.08038435536542,
                42.374143898254495
              ],
              [
                -71.08038425968975,
                42.374143882123164
              ],
              [
                -71.08038181262567,
                42.37414345338588
              ],
              [
                -71.08038166948087,
                42.374143427085826
              ],
              [
                -71.08037953371637,
                42.37414302420978
              ],
              [
                -71.08037917092109,
                42.37414295344396
              ],
              [
                -71.08037688584987,
                42.37414249057624
              ],
              [
                -71.08037666621688,
                42.37414244348013
              ],
              [
                -71.08037425242097,
                42.37414191964373
              ],
              [
                -71.0803717573799,
                42.37414134342915
              ],
              [
                -71.08037163341562,
                42.37414131351651
              ],
              [
                -71.08036927746147,
                42.37414073360058
              ],
              [
                -71.08036902955033,
                42.374140671145
              ],
              [
                -71.08036681194217,
                42.37414009225974
              ],
              [
                -71.08036664196615,
                42.374140046396924
              ],
              [
                -71.08036436082904,
                42.37413941835451
              ],
              [
                -71.08036423831862,
                42.37413938318639
              ],
              [
                -71.08036216983142,
                42.37413878538014
              ],
              [
                -71.08036180303762,
                42.37413867566983
              ],
              [
                -71.0803596313916,
                42.37413801330556
              ],
              [
                -71.08035935242722,
                42.37413792601098
              ],
              [
                -71.08035711233128,
                42.374137207632614
              ],
              [
                -71.08035473229506,
                42.374136407727505
              ],
              [
                -71.08035461407994,
                42.37413636678816
              ],
              [
                -71.08035237233037,
                42.37413557685692
              ],
              [
                -71.08035213733666,
                42.37413549235311
              ],
              [
                -71.0803500310183,
                42.37413471501569
              ],
              [
                -71.08034991211818,
                42.3741346703913
              ],
              [
                -71.0803477118958,
                42.374133823794935
              ],
              [
                -71.08034757956783,
                42.37413377123039
              ],
              [
                -71.08034564210689,
                42.37413299450889
              ],
              [
                -71.08034527912238,
                42.3741328453565
              ],
              [
                -71.08034325060578,
                42.3741319978082
              ],
              [
                -71.08034282328158,
                42.37413181475203
              ],
              [
                -71.08034088415657,
                42.374130968055894
              ],
              [
                -71.08033861420078,
                42.374129938129464
              ],
              [
                -71.08033857176093,
                42.37412991850971
              ],
              [
                -71.08033636997854,
                42.37412887936255
              ],
              [
                -71.0803362851092,
                42.37412883854487
              ],
              [
                -71.08033415079426,
                42.37412778964825
              ],
              [
                -71.08033402562747,
                42.37412772711435
              ],
              [
                -71.08033195947189,
                42.37412667110122
              ],
              [
                -71.08033179472757,
                42.374126585275455
              ],
              [
                -71.08032979459253,
                42.37412552371633
              ],
              [
                -71.08032959169316,
                42.37412541407776
              ],
              [
                -71.08032765828808,
                42.37412434697515
              ],
              [
                -71.08032741795016,
                42.37412421247429
              ],
              [
                -71.08032554983514,
                42.37412314297946
              ],
              [
                -71.08032546149522,
                42.37412309057534
              ],
              [
                -71.0803234720786,
                42.37412191068748
              ],
              [
                -71.08032316114486,
                42.374121722795046
              ],
              [
                -71.08032142359252,
                42.3741206511461
              ],
              [
                -71.08032133244957,
                42.374120593471005
              ],
              [
                -71.08031940721479,
                42.37411936436576
              ],
              [
                -71.08031931608231,
                42.374119305112416
              ],
              [
                -71.08031742081353,
                42.37411805086467
              ],
              [
                -71.080317332519,
                42.374117991621716
              ],
              [
                -71.08031546721621,
                42.37411671223148
              ],
              [
                -71.08031530902487,
                42.37411660117777
              ],
              [
                -71.08031372578692,
                42.37411547643161
              ],
              [
                -71.08031343487238,
                42.37411526546477
              ],
              [
                -71.08031179965282,
                42.374114062143164
              ],
              [
                -71.08031143395539,
                42.374113787247936
              ],
              [
                -71.08030990845808,
                42.37411262167821
              ],
              [
                -71.08030974258463,
                42.374112492183706
              ],
              [
                -71.08030805290517,
                42.37411115609148
              ],
              [
                -71.08030793434723,
                42.37411105991254
              ],
              [
                -71.0803062344131,
                42.374109665388126
              ],
              [
                -71.0803060587256,
                42.37410951797111
              ],
              [
                -71.08030445226886,
                42.374108150091665
              ],
              [
                -71.08025229514905,
                42.374062971619544
              ],
              [
                -71.08024470173879,
                42.37405639422865
              ],
              [
                -71.08024292119453,
                42.374054852107
              ],
              [
                -71.08021967396759,
                42.37403471577632
              ],
              [
                -71.08018718755825,
                42.37400657615275
              ],
              [
                -71.08018681649692,
                42.3740062544165
              ],
              [
                -71.0801812657333,
                42.37399796945841
              ],
              [
                -71.08017831060901,
                42.373991137533615
              ],
              [
                -71.08017797552537,
                42.37399084696728
              ],
              [
                -71.08014414952291,
                42.37396154664676
              ],
              [
                -71.08006972178131,
                42.37388800374453
              ],
              [
                -71.08006790371964,
                42.37388623632133
              ],
              [
                -71.08006782193672,
                42.373886158163074
              ],
              [
                -71.0800660479158,
                42.373884489803466
              ],
              [
                -71.08006588149813,
                42.373884335580925
              ],
              [
                -71.08006415649126,
                42.373882765250855
              ],
              [
                -71.08006390117148,
                42.3738825365266
              ],
              [
                -71.08006222874012,
                42.37388106213487
              ],
              [
                -71.08006211586932,
                42.3738809643982
              ],
              [
                -71.08006026606728,
                42.373879382564894
              ],
              [
                -71.08006012636544,
                42.37387926526536
              ],
              [
                -71.0800584314862,
                42.37387785918186
              ],
              [
                -71.08005818097564,
                42.373877654148714
              ],
              [
                -71.08005631007836,
                42.37387615062408
              ],
              [
                -71.08005619997567,
                42.37387606341911
              ],
              [
                -71.08005416713122,
                42.3738744803914
              ],
              [
                -71.08005415159947,
                42.37387446876095
              ],
              [
                -71.08005206619418,
                42.37387289448465
              ],
              [
                -71.080051956766,
                42.37387281254292
              ],
              [
                -71.0800499324604,
                42.37387133265781
              ],
              [
                -71.08004972557096,
                42.373871183022146
              ],
              [
                -71.08004776663593,
                42.373869795439454
              ],
              [
                -71.08004770872391,
                42.37386975524603
              ],
              [
                -71.08004556800422,
                42.37386828387918
              ],
              [
                -71.08004535398851,
                42.3738681389522
              ],
              [
                -71.08004333798779,
                42.37386679745603
              ],
              [
                -71.08004307802348,
                42.37386662710955
              ],
              [
                -71.08004124614251,
                42.37386544516135
              ],
              [
                -71.08004102641604,
                42.37386530547435
              ],
              [
                -71.08003885444491,
                42.37386394604809
              ],
              [
                -71.08003870323073,
                42.37386385290614
              ],
              [
                -71.08003646454749,
                42.37386249639275
              ],
              [
                -71.08003643062862,
                42.37386247575186
              ],
              [
                -71.08003411462951,
                42.37386111632577
              ],
              [
                -71.08003397468671,
                42.37386103532478
              ],
              [
                -71.08003173544127,
                42.373859763507994
              ],
              [
                -71.08003148661915,
                42.37385962476686
              ],
              [
                -71.08002932839821,
                42.37385843847062
              ],
              [
                -71.08002922942369,
                42.37385838497531
              ],
              [
                -71.08002689279085,
                42.37385714121108
              ],
              [
                -71.08002682844815,
                42.37385710783324
              ],
              [
                -71.08002443145368,
                42.37385587226589
              ],
              [
                -71.0800243204354,
                42.373855816096196
              ],
              [
                -71.08002210986369,
                42.3738547137813
              ],
              [
                -71.08002189982552,
                42.373854610955135
              ],
              [
                -71.08001948532507,
                42.373853447396606
              ],
              [
                -71.08001942379236,
                42.373853418237616
              ],
              [
                -71.08001689020394,
                42.373852238461865
              ],
              [
                -71.08001683361664,
                42.37385221247742
              ],
              [
                -71.08001432592634,
                42.37385108593012
              ],
              [
                -71.080014154022,
                42.3738510100732
              ],
              [
                -71.08001173804034,
                42.373849962772546
              ],
              [
                -71.08001168072957,
                42.373849938889755
              ],
              [
                -71.08000912724486,
                42.37384887056996
              ],
              [
                -71.08000906922462,
                42.37384884668456
              ],
              [
                -71.08000649355047,
                42.3738478077441
              ],
              [
                -71.08000643198285,
                42.37384778384579
              ],
              [
                -71.08000383765612,
                42.373846775875826
              ],
              [
                -71.08000363524764,
                42.37384669938143
              ],
              [
                -71.08000132022975,
                42.37384583342036
              ],
              [
                -71.08000107392428,
                42.37384574308762
              ],
              [
                -71.07999850316118,
                42.37384481937623
              ],
              [
                -71.07999840760479,
                42.37384478535826
              ],
              [
                -71.0799957452838,
                42.37384386657331
              ],
              [
                -71.07999566529061,
                42.37384383945123
              ],
              [
                -71.07999300838698,
                42.37384295961577
              ],
              [
                -71.07999280449317,
                42.37384289311146
              ],
              [
                -71.07999025212466,
                42.37384208415229
              ],
              [
                -71.07999020681218,
                42.37384206978269
              ],
              [
                -71.07998747791575,
                42.37384124018786
              ],
              [
                -71.07998731363408,
                42.373841191714845
              ],
              [
                -71.07998468645928,
                42.37384042930341
              ],
              [
                -71.07998446197305,
                42.37384036535428
              ],
              [
                -71.07998187776576,
                42.37383964992067
              ],
              [
                -71.07998182960488,
                42.37383963711895
              ],
              [
                -71.07997920127353,
                42.373838942041274
              ],
              [
                -71.0799790348285,
                42.37383889882113
              ],
              [
                -71.07997623556474,
                42.37383819522807
              ],
              [
                -71.07997621431524,
                42.3738381898897
              ],
              [
                -71.07997336026779,
                42.37383750924403
              ],
              [
                -71.07997325471581,
                42.37383748465895
              ],
              [
                -71.07997049181064,
                42.373836861688616
              ],
              [
                -71.07997025801731,
                42.373836810331376
              ],
              [
                -71.07996761107225,
                42.373836247231274
              ],
              [
                -71.07996754659685,
                42.373836233843875
              ],
              [
                -71.07996471663371,
                42.37383566586683
              ],
              [
                -71.07996466065111,
                42.373835655666916
              ],
              [
                -71.07996181132589,
                42.37383511865777
              ],
              [
                -71.07996168164463,
                42.37383509503676
              ],
              [
                -71.07995889302735,
                42.37383460454416
              ],
              [
                -71.0799588519229,
                42.37383459755502
              ],
              [
                -71.07995609639971,
                42.37383414506086
              ],
              [
                -71.07995584904245,
                42.37383410627998
              ],
              [
                -71.07995302950184,
                42.37383367827771
              ],
              [
                -71.07995008498432,
                42.37383326612747
              ],
              [
                -71.07995001338612,
                42.37383325692267
              ],
              [
                -71.0799471331414,
                42.37383288867161
              ],
              [
                -71.07994698922508,
                42.373832871837614
              ],
              [
                -71.07994417326712,
                42.37383254538146
              ],
              [
                -71.07994395631626,
                42.373832521967884
              ],
              [
                -71.07994120607096,
                42.37383223625969
              ],
              [
                -71.07994091678452,
                42.37383220784721
              ],
              [
                -71.07993823368135,
                42.37383196131394
              ],
              [
                -71.07993813015656,
                42.373831951992585
              ],
              [
                -71.07993525538885,
                42.37383172054173
              ],
              [
                -71.07993514901914,
                42.3738317122621
              ],
              [
                -71.07993227261234,
                42.37383151394824
              ],
              [
                -71.07993222013171,
                42.373831510600105
              ],
              [
                -71.07992928534831,
                42.373831342059454
              ],
              [
                -71.07992915909915,
                42.373831335811566
              ],
              [
                -71.07992629572527,
                42.37383120488318
              ],
              [
                -71.07992624749109,
                42.37383120312881
              ],
              [
                -71.07992330232774,
                42.37383110188822
              ],
              [
                -71.0799232633098,
                42.37383110121963
              ],
              [
                -71.07992052719523,
                42.373831038094
              ],
              [
                -71.07992028315824,
                42.37383103352027
              ],
              [
                -71.07991745815244,
                42.373831001108556
              ],
              [
                -71.07991731200288,
                42.37383100004881
              ],
              [
                -71.0799143895746,
                42.37383100095032
              ],
              [
                -71.07991431720401,
                42.37383100121209
              ],
              [
                -71.0799113207591,
                42.37383103656445
              ],
              [
                -71.07990864980158,
                42.37383109783113
              ],
              [
                -71.07990832266107,
                42.37383110715799
              ],
              [
                -71.07990632497989,
                42.3738311740398
              ],
              [
                -71.07990589775713,
                42.37383118984024
              ],
              [
                -71.07990333075782,
                42.37383130198998
              ],
              [
                -71.07990318810327,
                42.3738313088341
              ],
              [
                -71.07990051729612,
                42.373831454273756
              ],
              [
                -71.07990033985254,
                42.37383146467339
              ],
              [
                -71.07989786050389,
                42.37383162606847
              ],
              [
                -71.07989777816564,
                42.37383163155465
              ],
              [
                -71.07989536325395,
                42.37383181212379
              ],
              [
                -71.07989507859138,
                42.37383183528385
              ],
              [
                -71.0798923830888,
                42.373832066910076
              ],
              [
                -71.07989036044307,
                42.37383226048545
              ],
              [
                -71.07988995576291,
                42.37383230056776
              ],
              [
                -71.07988769655255,
                42.373832539574124
              ],
              [
                -71.07988733160684,
                42.37383257927548
              ],
              [
                -71.07988531650327,
                42.373832812334264
              ],
              [
                -71.07988511484649,
                42.373832836323494
              ],
              [
                -71.07988286884012,
                42.373833116938194
              ],
              [
                -71.0798823000393,
                42.37383319114233
              ],
              [
                -71.07988029390383,
                42.37383346263752
              ],
              [
                -71.07987748015213,
                42.37383387217232
              ],
              [
                -71.07987722305445,
                42.37383391121533
              ],
              [
                -71.07987456958946,
                42.37383432975271
              ],
              [
                -71.0798741611802,
                42.37383439717749
              ],
              [
                -71.07987176605002,
                42.37383480403236
              ],
              [
                -71.07987150536303,
                42.37383484937528
              ],
              [
                -71.07986873213207,
                42.373835353752035
              ],
              [
                -71.079868595031,
                42.37383537902921
              ],
              [
                -71.07986605531003,
                42.37383587058067
              ],
              [
                -71.0798656979554,
                42.37383594240054
              ],
              [
                -71.0798630386607,
                42.373836490857826
              ],
              [
                -71.0798628127208,
                42.373836538957995
              ],
              [
                -71.07986003525383,
                42.37383714695666
              ],
              [
                -71.0798599393271,
                42.37383716870165
              ],
              [
                -71.07985721278894,
                42.373837800033684
              ],
              [
                -71.07985704792375,
                42.37383783941358
              ],
              [
                -71.07985435739428,
                42.37383849718107
              ],
              [
                -71.07985407596108,
                42.373838568226
              ],
              [
                -71.07985154155584,
                42.37383922077675
              ],
              [
                -71.07985112079174,
                42.37383933234692
              ],
              [
                -71.0798487268986,
                42.373839980150066
              ],
              [
                -71.07984859113263,
                42.37384001805798
              ],
              [
                -71.07984591696648,
                42.37384077584002
              ],
              [
                -71.07984579327568,
                42.37384081168769
              ],
              [
                -71.07984332433122,
                42.37384154286316
              ],
              [
                -71.07984301294249,
                42.37384163747218
              ],
              [
                -71.07984043499306,
                42.37384243663974
              ],
              [
                -71.07984025013312,
                42.37384249541145
              ],
              [
                -71.07983756600261,
                42.373843364685705
              ],
              [
                -71.07983750485099,
                42.3738433849794
              ],
              [
                -71.07983486527091,
                42.37384427651158
              ],
              [
                -71.0798347180659,
                42.37384432752968
              ],
              [
                -71.07983231719288,
                42.37384517153443
              ],
              [
                -71.07983189118976,
                42.373845324119564
              ],
              [
                -71.07982958467069,
                42.373846169521066
              ],
              [
                -71.07982908678983,
                42.37384635498664
              ],
              [
                -71.07982684476701,
                42.37384721061916
              ],
              [
                -71.07982672313123,
                42.37384725752197
              ],
              [
                -71.07982420916397,
                42.37384825104599
              ],
              [
                -71.07982407897946,
                42.373848303178384
              ],
              [
                -71.0798217227056,
                42.37384926887006
              ],
              [
                -71.0798214587507,
                42.373849378908616
              ],
              [
                -71.07981900618306,
                42.37385042158212
              ],
              [
                -71.07981886031656,
                42.373850484704874
              ],
              [
                -71.07981631498154,
                42.37385160752958
              ],
              [
                -71.07981628651842,
                42.37385162005149
              ],
              [
                -71.07981381991125,
                42.37385274684626
              ],
              [
                -71.07981365053053,
                42.37385282513941
              ],
              [
                -71.07981131675005,
                42.37385392927184
              ],
              [
                -71.07981101282299,
                42.373854075463804
              ],
              [
                -71.07980898700262,
                42.37385506708799
              ],
              [
                -71.07980871009876,
                42.37385520390924
              ],
              [
                -71.07980639787512,
                42.373856373880194
              ],
              [
                -71.07980623698018,
                42.37385645641294
              ],
              [
                -71.07980390598138,
                42.37385767576666
              ],
              [
                -71.07980378921401,
                42.373857737417474
              ],
              [
                -71.07980158540795,
                42.37385892777532
              ],
              [
                -71.07980136893231,
                42.3738590464045
              ],
              [
                -71.07979908296265,
                42.373860322739155
              ],
              [
                -71.07979897684798,
                42.37386038285064
              ],
              [
                -71.0797966122481,
                42.373861747279285
              ],
              [
                -71.07978104692764,
                42.3738708757595
              ],
              [
                -71.07970157563204,
                42.37391748010526
              ],
              [
                -71.07965962975005,
                42.37394207833101
              ],
              [
                -71.07957540810035,
                42.37399146870631
              ],
              [
                -71.07946397067846,
                42.37406762848722
              ],
              [
                -71.07946005560042,
                42.374070304016485
              ],
              [
                -71.07944286859232,
                42.374082050078265
              ],
              [
                -71.07943921168192,
                42.37408452558846
              ],
              [
                -71.07943552301936,
                42.37408697467852
              ],
              [
                -71.07943180330714,
                42.37408939840316
              ],
              [
                -71.07942805255578,
                42.37409179518418
              ],
              [
                -71.07942422730486,
                42.37409419221875
              ],
              [
                -71.07942416603737,
                42.37409422987241
              ],
              [
                -71.07942039808708,
                42.37409654557413
              ],
              [
                -71.07942024777726,
                42.374096636562335
              ],
              [
                -71.07941657273481,
                42.37409885107036
              ],
              [
                -71.07941629777906,
                42.374099014727804
              ],
              [
                -71.07941264368567,
                42.37410117302182
              ],
              [
                -71.07941231675568,
                42.374101363845355
              ],
              [
                -71.07940871422764,
                42.374103449728906
              ],
              [
                -71.07940830470358,
                42.374103684441025
              ],
              [
                -71.07940500298736,
                42.37410555941445
              ],
              [
                -71.07940464833148,
                42.37410575855383
              ],
              [
                -71.07940075792317,
                42.37410792440072
              ],
              [
                -71.07940064327295,
                42.37410798763708
              ],
              [
                -71.07939673179324,
                42.374110121315994
              ],
              [
                -71.07939661002719,
                42.374110187682795
              ],
              [
                -71.07939267533722,
                42.37411229076411
              ],
              [
                -71.07939254717529,
                42.374112358685764
              ],
              [
                -71.07938860564907,
                42.37411442281211
              ],
              [
                -71.07938845684563,
                42.37411450065378
              ],
              [
                -71.07938447074409,
                42.374116546204256
              ],
              [
                -71.07938433904171,
                42.3741166130608
              ],
              [
                -71.07938032403304,
                42.37411863114927
              ],
              [
                -71.07938019447658,
                42.37411869538329
              ],
              [
                -71.07937614771228,
                42.37412068757763
              ],
              [
                -71.07937602243024,
                42.37412074919685
              ],
              [
                -71.07937198092597,
                42.3741226972197
              ],
              [
                -71.07937182362966,
                42.37412277187383
              ],
              [
                -71.07936800943021,
                42.37412457342553
              ],
              [
                -71.07936759948332,
                42.37412476499752
              ],
              [
                -71.07936369302273,
                42.37412657042033
              ],
              [
                -71.07936334928873,
                42.374126727513215
              ],
              [
                -71.07935934986095,
                42.37412853627852
              ],
              [
                -71.0793590737519,
                42.37412865994959
              ],
              [
                -71.07935498136747,
                42.37413047047915
              ],
              [
                -71.07935477358576,
                42.37413056178316
              ],
              [
                -71.0793505875422,
                42.37413237302227
              ],
              [
                -71.07935044808438,
                42.37413243248528
              ],
              [
                -71.07934616838865,
                42.374134243381775
              ],
              [
                -71.0793460986633,
                42.3741342725872
              ],
              [
                -71.07934172532583,
                42.37413608156282
              ],
              [
                -71.07933805725997,
                42.374137566422284
              ],
              [
                -71.07933722634648,
                42.374137899548245
              ],
              [
                -71.07933421437738,
                42.374139093254755
              ],
              [
                -71.07933371144584,
                42.37413929079954
              ],
              [
                -71.07932967603037,
                42.37414085638375
              ],
              [
                -71.07932591326043,
                42.374142285658216
              ],
              [
                -71.07932511378458,
                42.374142585756076
              ],
              [
                -71.0793220610603,
                42.37414371986633
              ],
              [
                -71.0793215510969,
                42.374143907915894
              ],
              [
                -71.07931746157539,
                42.37414539438993
              ],
              [
                -71.07931339005678,
                42.37414684094767
              ],
              [
                -71.07931283036986,
                42.37414703775871
              ],
              [
                -71.079309158743,
                42.37414831112045
              ],
              [
                -71.07930879891461,
                42.374148434485285
              ],
              [
                -71.07930466740082,
                42.37414983400224
              ],
              [
                -71.07930443985146,
                42.37414991050368
              ],
              [
                -71.07930037611646,
                42.37415125345188
              ],
              [
                -71.07930006254448,
                42.37415135594267
              ],
              [
                -71.07929566769616,
                42.374152771856856
              ],
              [
                -71.0792914017752,
                42.374154111434876
              ],
              [
                -71.07929093964448,
                42.37415425494255
              ],
              [
                -71.0792869938872,
                42.37415546101512
              ],
              [
                -71.07928682610248,
                42.374155512483306
              ],
              [
                -71.07928261323941,
                42.37415676860847
              ],
              [
                -71.07928237935363,
                42.37415683772159
              ],
              [
                -71.07927823566737,
                42.37415804043961
              ],
              [
                -71.07927791720242,
                42.37415813186476
              ],
              [
                -71.07927343822284,
                42.37415939595967
              ],
              [
                -71.0792701123752,
                42.37416031127289
              ],
              [
                -71.07927001357488,
                42.37416033826766
              ],
              [
                -71.0792665798155,
                42.37416126370767
              ],
              [
                -71.0792632684408,
                42.37416213646129
              ],
              [
                -71.07925853934162,
                42.3741633501894
              ],
              [
                -71.07925845903338,
                42.37416337041273
              ],
              [
                -71.07925379485759,
                42.37416453019199
              ],
              [
                -71.07925363353513,
                42.37416457011002
              ],
              [
                -71.07924912025985,
                42.3741656567899
              ],
              [
                -71.07924879194952,
                42.374165735027006
              ],
              [
                -71.07924430804992,
                42.37416677867571
              ],
              [
                -71.07924427038772,
                42.37416678748131
              ],
              [
                -71.0792442583055,
                42.374166790593584
              ],
              [
                -71.0792191738733,
                42.37417340161304
              ],
              [
                -71.0791971470426,
                42.37417611925378
              ],
              [
                -71.0791686141323,
                42.37418000150164
              ],
              [
                -71.07916285282033,
                42.37418023820356
              ],
              [
                -71.07913698228015,
                42.37418129987856
              ],
              [
                -71.07909681491216,
                42.374182948949546
              ],
              [
                -71.07905404567036,
                42.374180779673644
              ],
              [
                -71.07901765411455,
                42.37417648311104
              ],
              [
                -71.07898702131914,
                42.37417286679045
              ],
              [
                -71.07895433730444,
                42.374168086106174
              ],
              [
                -71.07891612523476,
                42.374161437061765
              ],
              [
                -71.07891610965763,
                42.37416143227001
              ],
              [
                -71.07891606716214,
                42.3741614210668
              ],
              [
                -71.07891051889959,
                42.374159923001336
              ],
              [
                -71.07890636183707,
                42.37415876461447
              ],
              [
                -71.07890616496819,
                42.37415870865554
              ],
              [
                -71.07890253779804,
                42.374157672680305
              ],
              [
                -71.07890207892784,
                42.37415753948081
              ],
              [
                -71.07889808938451,
                42.37415636960708
              ],
              [
                -71.07889777286142,
                42.37415627585845
              ],
              [
                -71.07889397470394,
                42.37415513298908
              ],
              [
                -71.07889373679704,
                42.37415506004536
              ],
              [
                -71.07888987367538,
                42.374153870643106
              ],
              [
                -71.07888534947168,
                42.37415244208511
              ],
              [
                -71.07888520787607,
                42.37415239632401
              ],
              [
                -71.07888084392849,
                42.37415098150443
              ],
              [
                -71.07888056287268,
                42.37415088893776
              ],
              [
                -71.07887635775177,
                42.374149489429705
              ],
              [
                -71.0788759372533,
                42.374149347427235
              ],
              [
                -71.078871890232,
                42.374147965858384
              ],
              [
                -71.07887174794793,
                42.37414791693824
              ],
              [
                -71.0788674420752,
                42.3741464113191
              ],
              [
                -71.07886727927566,
                42.37414635338051
              ],
              [
                -71.07886301328485,
                42.37414482528582
              ],
              [
                -71.07886277688459,
                42.37414473919556
              ],
              [
                -71.07885860598599,
                42.37414320829238
              ],
              [
                -71.07885836322838,
                42.37414311797025
              ],
              [
                -71.07885421875957,
                42.374141560333584
              ],
              [
                -71.07885419115972,
                42.37414154971099
              ],
              [
                -71.07885012618486,
                42.37413998763052
              ],
              [
                -71.07884978791664,
                42.37413985645058
              ],
              [
                -71.07884564534365,
                42.37413822727385
              ],
              [
                -71.07884551018948,
                42.374138173118986
              ],
              [
                -71.07884118813637,
                42.37413643386055
              ],
              [
                -71.07883824889835,
                42.37413522784803
              ],
              [
                -71.0788353196843,
                42.37413400819406
              ],
              [
                -71.07883240191315,
                42.374132774903906
              ],
              [
                -71.07882856598883,
                42.374131124227866
              ],
              [
                -71.07882808775089,
                42.37413091625392
              ],
              [
                -71.07882522547395,
                42.37412966001925
              ],
              [
                -71.07882458384964,
                42.37412937569173
              ],
              [
                -71.07882095209251,
                42.374127750488675
              ],
              [
                -71.07881717341098,
                42.37412602742293
              ],
              [
                -71.07881670303694,
                42.374125810534395
              ],
              [
                -71.07881388439637,
                42.374124500799134
              ],
              [
                -71.0788132612748,
                42.37412420812207
              ],
              [
                -71.07880967824312,
                42.37412251102422
              ],
              [
                -71.0788059179124,
                42.374120695961444
              ],
              [
                -71.0788056505928,
                42.374120565041174
              ],
              [
                -71.07880217903114,
                42.374118856251414
              ],
              [
                -71.07880205386238,
                42.37411879424187
              ],
              [
                -71.07879846158873,
                42.374116993472285
              ],
              [
                -71.07879819147328,
                42.37411685622876
              ],
              [
                -71.07879502933282,
                42.3741152422138
              ],
              [
                -71.07879463831958,
                42.37411504087209
              ],
              [
                -71.0787910917476,
                42.37411319607893
              ],
              [
                -71.07878364813688,
                42.37410928951666
              ],
              [
                -71.07876573341986,
                42.374099887067565
              ],
              [
                -71.07874228267056,
                42.37408757879937
              ],
              [
                -71.07870117670898,
                42.37406600474576
              ],
              [
                -71.0786955402759,
                42.37406304647768
              ],
              [
                -71.07868946124177,
                42.37405985616574
              ],
              [
                -71.07863879064467,
                42.37403326140802
              ],
              [
                -71.07862174207655,
                42.37402431401068
              ],
              [
                -71.07855720956174,
                42.37399044379538
              ],
              [
                -71.07855328909666,
                42.37398838614122
              ],
              [
                -71.07855281538751,
                42.37398813767465
              ],
              [
                -71.07854318769392,
                42.3739804390084
              ],
              [
                -71.07851636750885,
                42.3739589914036
              ],
              [
                -71.07850272558537,
                42.37394808262167
              ],
              [
                -71.07849103079838,
                42.37393873080167
              ],
              [
                -71.07845871154004,
                42.37391288605563
              ],
              [
                -71.07845170427508,
                42.37390728236131
              ],
              [
                -71.07844537028365,
                42.37390221720839
              ],
              [
                -71.07839731666948,
                42.37386378989355
              ],
              [
                -71.0783874772917,
                42.373855922092744
              ]
            ]
          ]
        ]
      },
      "properties": {
        "n_hood": "1",
        "name": "East Cambridge",
        "webpage": "https://www.cambridgema.gov/CDD/planud/neighplan/neighs/1",
        "_feature_id": "12"
      }
    },
    {
      "type": "Feature",
      "geometry": {
        "type": "MultiPolygon",
        "coordinates": [
          [
            [
              [
                -71.09852765295079,
                42.371835151422154
              ],
              [
                -71.09845816605785,
                42.37177796928054
              ],
              [
                -71.09824280037938,
                42.371600910427155
              ],
              [
                -71.09812108168074,
                42.37150101269867
              ],
              [
                -71.09799200087575,
                42.3713949145224
              ],
              [
                -71.0976526259394,
                42.37111520397115
              ],
              [
                -71.0975302189214,
                42.37101461718553
              ],
              [
                -71.09741126474411,
                42.37091678585174
              ],
              [
                -71.09725135206877,
                42.37078588266363
              ],
              [
                -71.09711721296195,
                42.37067564972645
              ],
              [
                -71.09701068356495,
                42.37058815211228
              ],
              [
                -71.0968795344311,
                42.37048067339265
              ],
              [
                -71.09677461589332,
                42.37039455321279
              ],
              [
                -71.09655511851768,
                42.37021404659275
              ],
              [
                -71.0963294041831,
                42.37002940168293
              ],
              [
                -71.09619251048628,
                42.369916413942384
              ],
              [
                -71.09609265123393,
                42.369835112932805
              ],
              [
                -71.09603398176013,
                42.36978688536087
              ],
              [
                -71.09590490357165,
                42.36968147079302
              ],
              [
                -71.09562950443815,
                42.36945480295857
              ],
              [
                -71.09551791743863,
                42.36936316957453
              ],
              [
                -71.09538861479516,
                42.369257068140804
              ],
              [
                -71.09495538888665,
                42.36890087087066
              ],
              [
                -71.0947895033617,
                42.368765141081184
              ],
              [
                -71.09443772011684,
                42.36847714497841
              ],
              [
                -71.094371918243,
                42.36842340332834
              ],
              [
                -71.09420282455265,
                42.3682835447857
              ],
              [
                -71.09389201514884,
                42.36802656236868
              ],
              [
                -71.09380298374529,
                42.36795284415209
              ],
              [
                -71.0937031350709,
                42.3678708550402
              ],
              [
                -71.0933389482513,
                42.36757114901656
              ],
              [
                -71.09322805728135,
                42.36748020234305
              ],
              [
                -71.09311831414149,
                42.367390631635004
              ],
              [
                -71.09274652685934,
                42.36708678127785
              ],
              [
                -71.0923915333829,
                42.36679739483426
              ],
              [
                -71.09236852994034,
                42.36677810509937
              ],
              [
                -71.09233103268923,
                42.36674710133434
              ],
              [
                -71.09194408178436,
                42.366428787879
              ],
              [
                -71.09178120305889,
                42.366295121793705
              ],
              [
                -71.09164340051676,
                42.36618212526098
              ],
              [
                -71.09132729653427,
                42.365924430913005
              ],
              [
                -71.09105494099613,
                42.36569707609785
              ],
              [
                -71.09103264172467,
                42.36567641657612
              ],
              [
                -71.0910087717262,
                42.36564820485209
              ],
              [
                -71.09099777766,
                42.365631701043526
              ],
              [
                -71.09094916607708,
                42.365531369445605
              ],
              [
                -71.09093533797297,
                42.36548810071814
              ],
              [
                -71.09088908746882,
                42.365344557938045
              ],
              [
                -71.09077670145064,
                42.36530711318127
              ],
              [
                -71.08978772913964,
                42.36492490701607
              ],
              [
                -71.08972935730407,
                42.36490343204216
              ],
              [
                -71.08974785827778,
                42.364796478677896
              ],
              [
                -71.08974910426004,
                42.36478276296146
              ],
              [
                -71.08975058079356,
                42.364769047541216
              ],
              [
                -71.08975205287389,
                42.364756018639184
              ],
              [
                -71.08975376066383,
                42.364742304043666
              ],
              [
                -71.08975546844957,
                42.36472858997417
              ],
              [
                -71.08975740749557,
                42.36471487620343
              ],
              [
                -71.08975957779474,
                42.36470116378346
              ],
              [
                -71.08976151683899,
                42.36468745001253
              ],
              [
                -71.08976391394475,
                42.36467442440947
              ],
              [
                -71.0897663155019,
                42.36466071228801
              ],
              [
                -71.08976871705458,
                42.36464700069257
              ],
              [
                -71.0897713498669,
                42.364633289395755
              ],
              [
                -71.08977397822581,
                42.36462026461715
              ],
              [
                -71.08977684228961,
                42.364606554671006
              ],
              [
                -71.08977993761265,
                42.36459284502354
              ],
              [
                -71.08978302848219,
                42.36457982189419
              ],
              [
                -71.08978612380257,
                42.36456611224643
              ],
              [
                -71.08988812389367,
                42.36417201397099
              ],
              [
                -71.0899215677375,
                42.36404316158321
              ],
              [
                -71.08999661561141,
                42.36377519520942
              ],
              [
                -71.09000109837054,
                42.363761490499606
              ],
              [
                -71.09000580793192,
                42.36374847313235
              ],
              [
                -71.09001052194111,
                42.36373476924643
              ],
              [
                -71.09001546275253,
                42.36372175270304
              ],
              [
                -71.09002040356532,
                42.363708735633324
              ],
              [
                -71.09002557562647,
                42.36369571991373
              ],
              [
                -71.09003097965206,
                42.36368270449464
              ],
              [
                -71.09003638740862,
                42.36366900360643
              ],
              [
                -71.09004179072036,
                42.36365598818421
              ],
              [
                -71.09004742528003,
                42.36364297411206
              ],
              [
                -71.09005329109101,
                42.36362996086378
              ],
              [
                -71.09005915690298,
                42.36361694708916
              ],
              [
                -71.09006525396255,
                42.36360393466448
              ],
              [
                -71.09007135173246,
                42.36359092171592
              ],
              [
                -71.09007767559491,
                42.3635785961071
              ],
              [
                -71.09008400390375,
                42.36356558397945
              ],
              [
                -71.0900905634599,
                42.36355257320164
              ],
              [
                -71.09009712301679,
                42.36353956189738
              ],
              [
                -71.09010390937546,
                42.363527237935315
              ],
              [
                -71.09011070088947,
                42.36351422745689
              ],
              [
                -71.09011771849593,
                42.363501904318035
              ],
              [
                -71.09012497179774,
                42.36348889601047
              ],
              [
                -71.09013222065504,
                42.36347657316876
              ],
              [
                -71.0901394739509,
                42.36346356486021
              ],
              [
                -71.09014695476475,
                42.36345124284409
              ],
              [
                -71.09015466611578,
                42.363438922175014
              ],
              [
                -71.09016237746722,
                42.36342660097936
              ],
              [
                -71.09017032006507,
                42.36341428113318
              ],
              [
                -71.09017826710422,
                42.36340127529407
              ],
              [
                -71.09018621040853,
                42.36338895492324
              ],
              [
                -71.09019461550231,
                42.36337663672326
              ],
              [
                -71.09020278489946,
                42.36336500316506
              ],
              [
                -71.09021118998677,
                42.36335268496382
              ],
              [
                -71.09021982632677,
                42.363340367059784
              ],
              [
                -71.09022846336939,
                42.3633280496837
              ],
              [
                -71.0902373265079,
                42.36331641912068
              ],
              [
                -71.09024619409026,
                42.363304102038455
              ],
              [
                -71.09025528847454,
                42.363292472297836
              ],
              [
                -71.0902643880117,
                42.36328015604053
              ],
              [
                -71.09027371364138,
                42.36326852712223
              ],
              [
                -71.09028303927111,
                42.363256897677054
              ],
              [
                -71.0902926005893,
                42.36324458358856
              ],
              [
                -71.0903021581701,
                42.36323295549415
              ],
              [
                -71.0903117150414,
                42.363221326870345
              ],
              [
                -71.09032173440986,
                42.363209700419205
              ],
              [
                -71.09033152252607,
                42.36319807261737
              ],
              [
                -71.09034153815395,
                42.36318713215943
              ],
              [
                -71.09035155751154,
                42.36317550570561
              ],
              [
                -71.09036157686884,
                42.363163878724805
              ],
              [
                -71.09037159621906,
                42.36315225226921
              ],
              [
                -71.09038184308795,
                42.36314131210515
              ],
              [
                -71.09039209368261,
                42.36312968647123
              ],
              [
                -71.09040234427354,
                42.363118060836406
              ],
              [
                -71.0904125904222,
                42.36310712066706
              ],
              [
                -71.09042307296666,
                42.36309549585636
              ],
              [
                -71.0904335503597,
                42.36308455650855
              ],
              [
                -71.09044425899722,
                42.363073618509304
              ],
              [
                -71.09045474082099,
                42.363061993693115
              ],
              [
                -71.09046545016379,
                42.363051055168334
              ],
              [
                -71.09047639004156,
                42.363040117989435
              ],
              [
                -71.09048709866416,
                42.363029179986086
              ],
              [
                -71.09049803924718,
                42.363018242281534
              ],
              [
                -71.09050897911366,
                42.36300730509946
              ],
              [
                -71.09052015023101,
                42.36299636821356
              ],
              [
                -71.0905310900899,
                42.36298543102932
              ],
              [
                -71.09054226190548,
                42.362974494669814
              ],
              [
                -71.09055366426249,
                42.36296355860384
              ],
              [
                -71.090564835361,
                42.362952622239575
              ],
              [
                -71.09057623841942,
                42.36294168617388
              ],
              [
                -71.09058763632126,
                42.36293143662301
              ],
              [
                -71.09059926991017,
                42.36292050190166
              ],
              [
                -71.09061066780782,
                42.3629102518224
              ],
              [
                -71.09062230209824,
                42.362899317101196
              ],
              [
                -71.09063416248672,
                42.362889069191866
              ],
              [
                -71.0906457960632,
                42.36287813393965
              ],
              [
                -71.09065765715329,
                42.362867886030365
              ],
              [
                -71.09066951753009,
                42.3628576381173
              ],
              [
                -71.0906813779065,
                42.36284738967692
              ],
              [
                -71.0906934746745,
                42.36283645659436
              ],
              [
                -71.09070556629369,
                42.362826208974404
              ],
              [
                -71.09071765790559,
                42.36281596187925
              ],
              [
                -71.09072998147344,
                42.36280571560821
              ],
              [
                -71.09074230433139,
                42.36279546880719
              ],
              [
                -71.09075462274379,
                42.362785908523435
              ],
              [
                -71.09076694559047,
                42.36277566224584
              ],
              [
                -71.09077926914595,
                42.36276541544334
              ],
              [
                -71.09079182323505,
                42.36275516998583
              ],
              [
                -71.09080437288246,
                42.36274561051939
              ],
              [
                -71.09081715892664,
                42.362735365358276
              ],
              [
                -71.0908297085663,
                42.36272580588906
              ],
              [
                -71.09084249388958,
                42.36271556124858
              ],
              [
                -71.09085527548451,
                42.362706002075676
              ],
              [
                -71.09086828761293,
                42.36269644424751
              ],
              [
                -71.09088107292403,
                42.36268619960267
              ],
              [
                -71.0908940857573,
                42.362676641247965
              ],
              [
                -71.09090732912387,
                42.36266708423788
              ],
              [
                -71.09092034123645,
                42.36265752640369
              ],
              [
                -71.09093358530782,
                42.36264796886699
              ],
              [
                -71.09094636172647,
                42.36263909619987
              ],
              [
                -71.09095937382739,
                42.36262953836125
              ],
              [
                -71.09097261345123,
                42.362620666812504
              ],
              [
                -71.09098585235866,
                42.36261179578577
              ],
              [
                -71.09099909126235,
                42.362602924757525
              ],
              [
                -71.09101233087506,
                42.36259405320414
              ],
              [
                -71.09102580102109,
                42.3625851829951
              ],
              [
                -71.09103927116334,
                42.36257631278449
              ],
              [
                -71.09105274201461,
                42.36256744204868
              ],
              [
                -71.09106644339897,
                42.362558572657015
              ],
              [
                -71.09108014105422,
                42.36255038925885
              ],
              [
                -71.09109384243445,
                42.36254151933789
              ],
              [
                -71.09110777062277,
                42.36253333675604
              ],
              [
                -71.09112147270133,
                42.3625244673603
              ],
              [
                -71.09113563213185,
                42.36251628559714
              ],
              [
                -71.09114956031254,
                42.36250810248412
              ],
              [
                -71.09116372044507,
                42.362499920719976
              ],
              [
                -71.09117787986462,
                42.36249173895156
              ],
              [
                -71.09119203928384,
                42.362483556655334
              ],
              [
                -71.09120642622158,
                42.36247606170045
              ],
              [
                -71.09122081687953,
                42.362467880748646
              ],
              [
                -71.09123520824318,
                42.36245969979755
              ],
              [
                -71.09124982571363,
                42.36245220513047
              ],
              [
                -71.091264211928,
                42.36244471016575
              ],
              [
                -71.09149923366905,
                42.362327549613894
              ],
              [
                -71.09290394328848,
                42.36163759118988
              ],
              [
                -71.0940478723054,
                42.361075667120446
              ],
              [
                -71.09419216677757,
                42.36100483041626
              ],
              [
                -71.0949085411489,
                42.360651310654255
              ],
              [
                -71.09491410854645,
                42.360648586229935
              ],
              [
                -71.09535093312091,
                42.360433341620926
              ],
              [
                -71.09578587827097,
                42.36069281502589
              ],
              [
                -71.09601256687353,
                42.36082807127831
              ],
              [
                -71.09619364389401,
                42.36093572660576
              ],
              [
                -71.09647539736886,
                42.361103418698924
              ],
              [
                -71.09656063546394,
                42.36115448340219
              ],
              [
                -71.09670623382847,
                42.361241432673665
              ],
              [
                -71.09688040208586,
                42.36134494609953
              ],
              [
                -71.09695320165537,
                42.36138842081733
              ],
              [
                -71.09711170280205,
                42.361482960874106
              ],
              [
                -71.09730983099257,
                42.36160096426836
              ],
              [
                -71.09744461084614,
                42.36168032861943
              ],
              [
                -71.097555659194,
                42.361745889081845
              ],
              [
                -71.09796161021947,
                42.36198535789829
              ],
              [
                -71.09804892321537,
                42.36203780074939
              ],
              [
                -71.09906929991708,
                42.362647118455406
              ],
              [
                -71.09914394814444,
                42.362691284215636
              ],
              [
                -71.09946719039024,
                42.362883123730526
              ],
              [
                -71.09958008426729,
                42.3629500611749
              ],
              [
                -71.0996800760598,
                42.3630094069868
              ],
              [
                -71.09989503880131,
                42.36313638254996
              ],
              [
                -71.09998235932702,
                42.36318813792696
              ],
              [
                -71.1001254449819,
                42.36327164401907
              ],
              [
                -71.1001664611872,
                42.36329511140784
              ],
              [
                -71.10053097972315,
                42.36350698612249
              ],
              [
                -71.10065770774524,
                42.36358083009175
              ],
              [
                -71.1008738356956,
                42.36370712235968
              ],
              [
                -71.10108996812902,
                42.36383272769661
              ],
              [
                -71.10119039496739,
                42.36389687573695
              ],
              [
                -71.10125283650177,
                42.36393345169424
              ],
              [
                -71.10131389561494,
                42.36396933629124
              ],
              [
                -71.10147218713462,
                42.36406249749684
              ],
              [
                -71.10172840207807,
                42.36421362330343
              ],
              [
                -71.10200350357613,
                42.36437716254889
              ],
              [
                -71.1020836887913,
                42.36442408955999
              ],
              [
                -71.10216432801332,
                42.364472389573905
              ],
              [
                -71.10231639966555,
                42.36456209804612
              ],
              [
                -71.1024346012277,
                42.36463179502467
              ],
              [
                -71.10256708499284,
                42.36471045932999
              ],
              [
                -71.10266501828578,
                42.36476705136084
              ],
              [
                -71.10287240884179,
                42.36488644902615
              ],
              [
                -71.10307146625543,
                42.36500718956908
              ],
              [
                -71.10317947687281,
                42.36507959410361
              ],
              [
                -71.10324417378605,
                42.365125780847855
              ],
              [
                -71.10361465715548,
                42.365348642850556
              ],
              [
                -71.10370773949705,
                42.36540453125355
              ],
              [
                -71.10375543488263,
                42.365432822406355
              ],
              [
                -71.1039909067717,
                42.365574266996475
              ],
              [
                -71.10383459435316,
                42.36571779341045
              ],
              [
                -71.10360641147035,
                42.365926243166406
              ],
              [
                -71.10326215423645,
                42.36624131139183
              ],
              [
                -71.10315929244888,
                42.36634317320975
              ],
              [
                -71.10306899678461,
                42.366432730169564
              ],
              [
                -71.10274769633902,
                42.36688439412697
              ],
              [
                -71.10245906333382,
                42.36728952052811
              ],
              [
                -71.10240376072663,
                42.36736753577124
              ],
              [
                -71.10235452198539,
                42.36743733986489
              ],
              [
                -71.10208033915119,
                42.36782399251965
              ],
              [
                -71.10181781652432,
                42.36819490670186
              ],
              [
                -71.10174244524774,
                42.36830097895688
              ],
              [
                -71.10167617537986,
                42.368394048019574
              ],
              [
                -71.10140011677548,
                42.368783437056294
              ],
              [
                -71.10110235522215,
                42.36920293445062
              ],
              [
                -71.10102184590619,
                42.36931653447522
              ],
              [
                -71.10093830375814,
                42.36943423996104
              ],
              [
                -71.10088416243357,
                42.36951088646388
              ],
              [
                -71.10075160878105,
                42.36969839549287
              ],
              [
                -71.10010332268395,
                42.370611979432766
              ],
              [
                -71.10007018535602,
                42.370658513735684
              ],
              [
                -71.10002584678253,
                42.37072078723504
              ],
              [
                -71.0999455692201,
                42.37083370127983
              ],
              [
                -71.09990286238146,
                42.37089392238505
              ],
              [
                -71.09986062236239,
                42.3709534590911
              ],
              [
                -71.09905780983208,
                42.37208533963805
              ],
              [
                -71.09897518986138,
                42.37220236085736
              ],
              [
                -71.09885784150602,
                42.37210590867287
              ],
              [
                -71.0985488229003,
                42.371852375997626
              ],
              [
                -71.09852765295079,
                42.371835151422154
              ]
            ]
          ]
        ]
      },
      "properties": {
        "n_hood": "4",
        "name": "The Port",
        "webpage": "https://www.cambridgema.gov/CDD/planud/neighplan/neighs/4",
        "_feature_id": "1"
      }
    },
    {
      "type": "Feature",
      "geometry": {
        "type": "MultiPolygon",
        "coordinates": [
          [
            [
              [
                -71.13044311914317,
                42.39027110368255
              ],
              [
                -71.1297407000045,
                42.39015428101628
              ],
              [
                -71.12883190053792,
                42.38999974383467
              ],
              [
                -71.12782764944775,
                42.38982911216905
              ],
              [
                -71.12690615202072,
                42.38967177465229
              ],
              [
                -71.12536709311023,
                42.38940951814533
              ],
              [
                -71.12434967800411,
                42.38923812717606
              ],
              [
                -71.12349705757948,
                42.38909470718524
              ],
              [
                -71.12267564967038,
                42.388955499237106
              ],
              [
                -71.12147774511176,
                42.388753306120115
              ],
              [
                -71.1206163802547,
                42.388604347931825
              ],
              [
                -71.12059881447651,
                42.3886015459994
              ],
              [
                -71.12058125210669,
                42.38859805807241
              ],
              [
                -71.12056345498655,
                42.38859525537173
              ],
              [
                -71.12054589262037,
                42.38859176743932
              ],
              [
                -71.12052832684887,
                42.38858896549614
              ],
              [
                -71.12051076448638,
                42.38858547755835
              ],
              [
                -71.12049320283865,
                42.3885819890942
              ],
              [
                -71.12047564048004,
                42.388578501151045
              ],
              [
                -71.12045807471527,
                42.38857569919714
              ],
              [
                -71.12044051307,
                42.38857221125097
              ],
              [
                -71.12042295071701,
                42.388568723299805
              ],
              [
                -71.12040562042075,
                42.38856523611149
              ],
              [
                -71.12038805807163,
                42.38856174815494
              ],
              [
                -71.12037049643409,
                42.38855826019809
              ],
              [
                -71.12035293408883,
                42.388554772236205
              ],
              [
                -71.12033560380343,
                42.388551284511266
              ],
              [
                -71.12031804146204,
                42.38854779654406
              ],
              [
                -71.12030071529672,
                42.388543623350344
              ],
              [
                -71.12028315295936,
                42.38854013537778
              ],
              [
                -71.12026582267868,
                42.388536648168426
              ],
              [
                -71.12024849651985,
                42.38853247496683
              ],
              [
                -71.12023093418848,
                42.38852898698628
              ],
              [
                -71.12021360391371,
                42.38852549976905
              ],
              [
                -71.12019627705489,
                42.38852132603115
              ],
              [
                -71.12017894678412,
                42.388517838808696
              ],
              [
                -71.12016161992653,
                42.38851366559164
              ],
              [
                -71.12014429378088,
                42.38850949237438
              ],
              [
                -71.12012696280658,
                42.388506005141686
              ],
              [
                -71.1201096366653,
                42.38850183191915
              ],
              [
                -71.12009231052635,
                42.38849765869404
              ],
              [
                -71.12007497956131,
                42.38849417092746
              ],
              [
                -71.12005765342671,
                42.388489997697114
              ],
              [
                -71.12004032658474,
                42.38848582446176
              ],
              [
                -71.12002323179962,
                42.3884816519902
              ],
              [
                -71.12000590496221,
                42.38847747874966
              ],
              [
                -71.11998881018157,
                42.38847330627298
              ],
              [
                -71.11997148334872,
                42.388469133027236
              ],
              [
                -71.11995438857576,
                42.388464960019355
              ],
              [
                -71.11993706245714,
                42.388460786770835
              ],
              [
                -71.11991997109945,
                42.38845592829191
              ],
              [
                -71.1199028763303,
                42.38845175580244
              ],
              [
                -71.11988578085374,
                42.38844758330802
              ],
              [
                -71.11986868608909,
                42.38844341081346
              ],
              [
                -71.11985136339663,
                42.38843855156008
              ],
              [
                -71.1196455329776,
                42.38838779204789
              ],
              [
                -71.11945210038414,
                42.388314434537754
              ],
              [
                -71.11941408443569,
                42.38817298949847
              ],
              [
                -71.11935173132878,
                42.38796217654563
              ],
              [
                -71.11922145009571,
                42.387506230832855
              ],
              [
                -71.11919403551019,
                42.3873716808089
              ],
              [
                -71.11916345266091,
                42.38707179082904
              ],
              [
                -71.11918110970733,
                42.38682899983579
              ],
              [
                -71.11921083679346,
                42.38657938821238
              ],
              [
                -71.11924928901863,
                42.38622553132055
              ],
              [
                -71.11928748053,
                42.38583805829525
              ],
              [
                -71.11931459249851,
                42.385561683267866
              ],
              [
                -71.11936895980455,
                42.385100174221975
              ],
              [
                -71.1193990701484,
                42.38482518158281
              ],
              [
                -71.11943920562359,
                42.38446035347152
              ],
              [
                -71.11951265541244,
                42.38378761446826
              ],
              [
                -71.11955157516132,
                42.38343238627034
              ],
              [
                -71.11956112103978,
                42.383345293747446
              ],
              [
                -71.11956968793507,
                42.383267116563545
              ],
              [
                -71.11963242443018,
                42.382682837467684
              ],
              [
                -71.11964246573997,
                42.3825902585285
              ],
              [
                -71.11965005762757,
                42.38252031015211
              ],
              [
                -71.11967574180062,
                42.38228852091612
              ],
              [
                -71.119681854915,
                42.382233660262955
              ],
              [
                -71.11968994236771,
                42.38215822495693
              ],
              [
                -71.11973910771351,
                42.38171453483387
              ],
              [
                -71.1198214600696,
                42.38094509593105
              ],
              [
                -71.11984182794416,
                42.3808278543787
              ],
              [
                -71.11991054357394,
                42.38013314574639
              ],
              [
                -71.11998543282402,
                42.37983497590683
              ],
              [
                -71.11998777388445,
                42.379753347517735
              ],
              [
                -71.12000034274436,
                42.37931708221108
              ],
              [
                -71.1200273903847,
                42.37905031099934
              ],
              [
                -71.12003907927357,
                42.378952934834885
              ],
              [
                -71.12004816118517,
                42.37886584065392
              ],
              [
                -71.1201478759988,
                42.37790025783872
              ],
              [
                -71.12016778265034,
                42.37770549449885
              ],
              [
                -71.12007450415327,
                42.37752270602032
              ],
              [
                -71.11982677865022,
                42.376866740773565
              ],
              [
                -71.11979947119224,
                42.37679187439908
              ],
              [
                -71.11963247576092,
                42.376674699399864
              ],
              [
                -71.119544670313,
                42.37662089959662
              ],
              [
                -71.119420355151,
                42.37656080490127
              ],
              [
                -71.11910475167159,
                42.37638482590517
              ],
              [
                -71.11906348865008,
                42.376361364574294
              ],
              [
                -71.11874917570468,
                42.376201853511915
              ],
              [
                -71.11859615613854,
                42.37614577881254
              ],
              [
                -71.118449984778,
                42.376104818736415
              ],
              [
                -71.11820921073083,
                42.37606354506911
              ],
              [
                -71.11804158212114,
                42.37605201253401
              ],
              [
                -71.11781447092474,
                42.376046455674604
              ],
              [
                -71.11769657248828,
                42.376035087841856
              ],
              [
                -71.1175678562504,
                42.37601476533158
              ],
              [
                -71.11763988904072,
                42.37592239248717
              ],
              [
                -71.11771919280106,
                42.37592814408995
              ],
              [
                -71.11780038842416,
                42.375927041870966
              ],
              [
                -71.11788346830342,
                42.37592045781156
              ],
              [
                -71.11797190462391,
                42.37590771743322
              ],
              [
                -71.11804442272684,
                42.375888063556765
              ],
              [
                -71.11810631276286,
                42.37586631633715
              ],
              [
                -71.11817520868988,
                42.375833616253885
              ],
              [
                -71.1182336919749,
                42.37580156757942
              ],
              [
                -71.1182887339991,
                42.37576470541977
              ],
              [
                -71.11834735377803,
                42.375710018440415
              ],
              [
                -71.11839531648545,
                42.37565804010056
              ],
              [
                -71.11846663721431,
                42.375568408395345
              ],
              [
                -71.11849677343879,
                42.37544228073655
              ],
              [
                -71.11854375092916,
                42.37524692132231
              ],
              [
                -71.11854591121067,
                42.375233894384266
              ],
              [
                -71.11855957919131,
                42.37515367550229
              ],
              [
                -71.11856820787763,
                42.37510362519636
              ],
              [
                -71.11859076955729,
                42.37496786831013
              ],
              [
                -71.11917376838358,
                42.375141304293834
              ],
              [
                -71.11942061128451,
                42.375249825610915
              ],
              [
                -71.11942822342377,
                42.37525328134674
              ],
              [
                -71.11971659480007,
                42.375379776065785
              ],
              [
                -71.11993610454246,
                42.37549506648342
              ],
              [
                -71.12014016416785,
                42.37560275940292
              ],
              [
                -71.12085163203233,
                42.37591655864713
              ],
              [
                -71.12098312989396,
                42.37597461745407
              ],
              [
                -71.12117229667994,
                42.376058934225505
              ],
              [
                -71.12189599342105,
                42.37637962779036
              ],
              [
                -71.12204520907389,
                42.37645352171895
              ],
              [
                -71.12218426191609,
                42.37656374139215
              ],
              [
                -71.12229981376468,
                42.376697208431374
              ],
              [
                -71.12247833412,
                42.37689948355415
              ],
              [
                -71.12286335109484,
                42.37730686866674
              ],
              [
                -71.12295663279993,
                42.377412820758636
              ],
              [
                -71.1230894212165,
                42.377565552120295
              ],
              [
                -71.12316476334676,
                42.37765429513784
              ],
              [
                -71.12322999363596,
                42.37773202838431
              ],
              [
                -71.1235327038421,
                42.378095236729735
              ],
              [
                -71.12368878708283,
                42.37829880846692
              ],
              [
                -71.12370852442936,
                42.37832494173099
              ],
              [
                -71.12393956067932,
                42.37844986614082
              ],
              [
                -71.12439263930526,
                42.37869556868333
              ],
              [
                -71.12449732175305,
                42.37875216384419
              ],
              [
                -71.12463059311655,
                42.378824630298375
              ],
              [
                -71.12558009753965,
                42.37934223730724
              ],
              [
                -71.1257126774491,
                42.37941470076569
              ],
              [
                -71.12589967421873,
                42.379516839223655
              ],
              [
                -71.12722433654423,
                42.3802421427889
              ],
              [
                -71.12728889990223,
                42.38027733923955
              ],
              [
                -71.12737974836705,
                42.380327026353456
              ],
              [
                -71.12764261237807,
                42.380470568942975
              ],
              [
                -71.12818378976098,
                42.38076662080539
              ],
              [
                -71.1287404470525,
                42.3810668355389
              ],
              [
                -71.12881607106911,
                42.38110961233123
              ],
              [
                -71.12895003825113,
                42.38118344848944
              ],
              [
                -71.12929706468194,
                42.3813745939834
              ],
              [
                -71.12941485270437,
                42.381446318921284
              ],
              [
                -71.12977326724693,
                42.38166837034305
              ],
              [
                -71.12983850335031,
                42.381707683004464
              ],
              [
                -71.12999410142477,
                42.38180148163583
              ],
              [
                -71.13006164298021,
                42.38184217411697
              ],
              [
                -71.13013309701819,
                42.381886308629255
              ],
              [
                -71.13049083864533,
                42.38210561159831
              ],
              [
                -71.13101622935116,
                42.382416005313345
              ],
              [
                -71.1311765253985,
                42.38249815479638
              ],
              [
                -71.13184605982464,
                42.38280557665274
              ],
              [
                -71.1319561121416,
                42.3828560080799
              ],
              [
                -71.13203270968076,
                42.38289123980047
              ],
              [
                -71.13281137284795,
                42.38325045575253
              ],
              [
                -71.13287228100104,
                42.383278776798264
              ],
              [
                -71.13292488465338,
                42.38330295529457
              ],
              [
                -71.13295326679186,
                42.383315394435215
              ],
              [
                -71.1330976969498,
                42.3833817125101
              ],
              [
                -71.13396961628253,
                42.38377826313912
              ],
              [
                -71.13408936394434,
                42.38383283936882
              ],
              [
                -71.13425018974873,
                42.38390469615192
              ],
              [
                -71.13565820016804,
                42.384530694153476
              ],
              [
                -71.13579272427307,
                42.38459080340945
              ],
              [
                -71.13596255681556,
                42.384666116301126
              ],
              [
                -71.13637975724097,
                42.38485060213014
              ],
              [
                -71.13653135861429,
                42.384918310518756
              ],
              [
                -71.13667858076549,
                42.384983260864175
              ],
              [
                -71.13712485600645,
                42.385181555836056
              ],
              [
                -71.13727946236496,
                42.385249959235395
              ],
              [
                -71.13745206587464,
                42.3853266506476
              ],
              [
                -71.13793757922292,
                42.38554153067019
              ],
              [
                -71.13808180013716,
                42.38560578375411
              ],
              [
                -71.1382329463986,
                42.385672802442784
              ],
              [
                -71.13869100597329,
                42.38587524434784
              ],
              [
                -71.13887146335486,
                42.38595470280971
              ],
              [
                -71.1390313824777,
                42.38602517798853
              ],
              [
                -71.13963228710126,
                42.38629117801491
              ],
              [
                -71.13967543909719,
                42.38631052124216
              ],
              [
                -71.13988612602509,
                42.38640379281937
              ],
              [
                -71.14041437618316,
                42.38663251609269
              ],
              [
                -71.14048457963875,
                42.386654688090395
              ],
              [
                -71.14102738193705,
                42.386806620108985
              ],
              [
                -71.14156664597171,
                42.38705252300205
              ],
              [
                -71.1416508947297,
                42.38712756076752
              ],
              [
                -71.1416573489251,
                42.38713169741087
              ],
              [
                -71.14167902103983,
                42.387144798955674
              ],
              [
                -71.14167829980751,
                42.38714959872811
              ],
              [
                -71.14167590865398,
                42.387163311860505
              ],
              [
                -71.1416735213898,
                42.3871763384762
              ],
              [
                -71.14167089889385,
                42.38719005088796
              ],
              [
                -71.14166827639974,
                42.38720376277352
              ],
              [
                -71.14166565778903,
                42.387216789194504
              ],
              [
                -71.1416628039521,
                42.38723050035938
              ],
              [
                -71.14165995011102,
                42.387244212050184
              ],
              [
                -71.14165710015929,
                42.38725723722435
              ],
              [
                -71.14165401497807,
                42.38727094766838
              ],
              [
                -71.14165093368018,
                42.38728397264784
              ],
              [
                -71.14164784849633,
                42.38729768309162
              ],
              [
                -71.14164453585506,
                42.38731070735032
              ],
              [
                -71.141641218618,
                42.38732441707112
              ],
              [
                -71.14163790597398,
                42.38733744132948
              ],
              [
                -71.14163505212565,
                42.38735115249329
              ],
              [
                -71.14163219827309,
                42.38736486418306
              ],
              [
                -71.14162911696911,
                42.38737788863558
              ],
              [
                -71.14162603177296,
                42.38739159960456
              ],
              [
                -71.1416229504664,
                42.38740462405682
              ],
              [
                -71.14161963392642,
                42.38741833430499
              ],
              [
                -71.141616321276,
                42.38743135803643
              ],
              [
                -71.14161300473312,
                42.38744506828431
              ],
              [
                -71.14160969207998,
                42.38745809201547
              ],
              [
                -71.14160614419586,
                42.38747180101641
              ],
              [
                -71.1416025994858,
                42.38748482455057
              ],
              [
                -71.14159905159867,
                42.387498533551195
              ],
              [
                -71.14159527625375,
                42.38751155636663
              ],
              [
                -71.1415914970219,
                42.387525264646314
              ],
              [
                -71.14158772167384,
                42.38753828746145
              ],
              [
                -71.14158394243876,
                42.38755199574081
              ],
              [
                -71.14157993574575,
                42.38756501783493
              ],
              [
                -71.14157592905413,
                42.38757803940287
              ],
              [
                -71.1415719184693,
                42.38759174748708
              ],
              [
                -71.14156768043244,
                42.38760476833397
              ],
              [
                -71.14156344168123,
                42.38761778970449
              ],
              [
                -71.14155920364082,
                42.38763081055094
              ],
              [
                -71.14155496559874,
                42.38764383139721
              ],
              [
                -71.14155072755189,
                42.38765685276934
              ],
              [
                -71.14154625816418,
                42.38766987289449
              ],
              [
                -71.14154178877162,
                42.38768289354552
              ],
              [
                -71.14153731938025,
                42.387695913670235
              ],
              [
                -71.141532853873,
                42.387708248330405
              ],
              [
                -71.14152815313562,
                42.38772126773395
              ],
              [
                -71.14152345168374,
                42.38773428766113
              ],
              [
                -71.14151875094251,
                42.38774730706423
              ],
              [
                -71.14151382274312,
                42.387759640281914
              ],
              [
                -71.14150889065552,
                42.387772658963776
              ],
              [
                -71.1415039585659,
                42.387785677645354
              ],
              [
                -71.14143103706806,
                42.38795695421061
              ],
              [
                -71.14131399355503,
                42.38819806702123
              ],
              [
                -71.14116538041634,
                42.388457603318386
              ],
              [
                -71.14099951638023,
                42.388699248999885
              ],
              [
                -71.14044894693725,
                42.389381486874726
              ],
              [
                -71.14012073314325,
                42.389733072301055
              ],
              [
                -71.14010979652352,
                42.38974401465726
              ],
              [
                -71.14009863316765,
                42.389754269774805
              ],
              [
                -71.14008769725315,
                42.389765211604995
              ],
              [
                -71.14007652927233,
                42.389776153234294
              ],
              [
                -71.14006536590539,
                42.38978640834855
              ],
              [
                -71.14005396727676,
                42.389797349254124
              ],
              [
                -71.14004280390242,
                42.389807604366155
              ],
              [
                -71.14003140455938,
                42.38981854474113
              ],
              [
                -71.14002000982457,
                42.389828799653195
              ],
              [
                -71.14000861508912,
                42.389839054038035
              ],
              [
                -71.1399972157345,
                42.389849994409566
              ],
              [
                -71.13998558963841,
                42.38986024859431
              ],
              [
                -71.13997419489172,
                42.389870502975704
              ],
              [
                -71.13996256488193,
                42.3898814431481
              ],
              [
                -71.13995093806776,
                42.38989169680098
              ],
              [
                -71.13993931195951,
                42.38990195045491
              ],
              [
                -71.13992768584448,
                42.389912204633674
              ],
              [
                -71.13991582766862,
                42.389922457558974
              ],
              [
                -71.13990397019865,
                42.389932710485226
              ],
              [
                -71.13989211272177,
                42.389942963936335
              ],
              [
                -71.1398802545344,
                42.38995321685787
              ],
              [
                -71.13986839705284,
                42.38996346978042
              ],
              [
                -71.13985653956448,
                42.38997372322776
              ],
              [
                -71.13984445001498,
                42.38998397542144
              ],
              [
                -71.13983236117129,
                42.38999422761603
              ],
              [
                -71.13982027622833,
                42.390003794345375
              ],
              [
                -71.13980818737689,
                42.390014046537395
              ],
              [
                -71.13979609780888,
                42.39002429925197
              ],
              [
                -71.13978378150696,
                42.39003386472708
              ],
              [
                -71.13977169264385,
                42.390044116915185
              ],
              [
                -71.1397593717133,
                42.390054368901545
              ],
              [
                -71.13974705539997,
                42.390063934372705
              ],
              [
                -71.13973473517424,
                42.390074185832525
              ],
              [
                -71.13972218678971,
                42.390083751100434
              ],
              [
                -71.13971032925808,
                42.39009400400641
              ],
              [
                -71.13969824037156,
                42.390104256186625
              ],
              [
                -71.13968591941743,
                42.39011450816497
              ],
              [
                -71.13967359917196,
                42.39012475961812
              ],
              [
                -71.13966127892247,
                42.390135011069916
              ],
              [
                -71.13964873051476,
                42.390144576329725
              ],
              [
                -71.13963594755495,
                42.39015482632971
              ],
              [
                -71.13962316850095,
                42.390164390338214
              ],
              [
                -71.13961038482036,
                42.39017464085916
              ],
              [
                -71.13959737440717,
                42.39018420414021
              ],
              [
                -71.13958436399,
                42.39019376741974
              ],
              [
                -71.1395711215049,
                42.390203330496924
              ],
              [
                -71.1395578797284,
                42.39021289304877
              ],
              [
                -71.13954441050721,
                42.3902217688843
              ],
              [
                -71.13953093665874,
                42.39023133123205
              ],
              [
                -71.13951746351883,
                42.390240893054376
              ],
              [
                -71.13950376293445,
                42.390249768160295
              ],
              [
                -71.13949006163357,
                42.39025864378846
              ],
              [
                -71.13947612968992,
                42.39026751816617
              ],
              [
                -71.1394621977423,
                42.39027639254221
              ],
              [
                -71.13944803372648,
                42.39028526671548
              ],
              [
                -71.13943387041937,
                42.39029414036308
              ],
              [
                -71.13941970710823,
                42.390303014009
              ],
              [
                -71.13940531564096,
                42.39031120146199
              ],
              [
                -71.1393909209702,
                42.39032007437927
              ],
              [
                -71.13937629814652,
                42.39032826057747
              ],
              [
                -71.13936167602867,
                42.390336446776004
              ],
              [
                -71.13934705390403,
                42.390344633498714
              ],
              [
                -71.13933219971702,
                42.39035281896614
              ],
              [
                -71.13931734623586,
                42.39036100443384
              ],
              [
                -71.1393024966612,
                42.39036850443571
              ],
              [
                -71.13928741111081,
                42.39037668917206
              ],
              [
                -71.13927209882787,
                42.39038418719344
              ],
              [
                -71.13925701718368,
                42.39039168593581
              ],
              [
                -71.13924170097648,
                42.39039987046912
              ],
              [
                -71.13887448471833,
                42.39057022227222
              ],
              [
                -71.13885870892443,
                42.390577718783824
              ],
              [
                -71.13884293775477,
                42.39058452930555
              ],
              [
                -71.13882693451932,
                42.39059133909671
              ],
              [
                -71.13881116725855,
                42.39059746415023
              ],
              [
                -71.13879516401634,
                42.39060427393698
              ],
              [
                -71.13877916148037,
                42.39061108372366
              ],
              [
                -71.13876315894095,
                42.390617893508164
              ],
              [
                -71.13874715960486,
                42.39062401782433
              ],
              [
                -71.13873092570576,
                42.390630826877974
              ],
              [
                -71.13871469501332,
                42.39063694993714
              ],
              [
                -71.13869846502739,
                42.3906430729963
              ],
              [
                -71.13868223111814,
                42.39064988204303
              ],
              [
                -71.13866600041311,
                42.39065600562139
              ],
              [
                -71.1386497704175,
                42.390662128673654
              ],
              [
                -71.13863330835608,
                42.39066825099481
              ],
              [
                -71.13861707835423,
                42.39067437404238
              ],
              [
                -71.13860061628344,
                42.39068049688492
              ],
              [
                -71.13858415884333,
                42.39068593321135
              ],
              [
                -71.13856769747903,
                42.3906920555253
              ],
              [
                -71.13855100404865,
                42.39069817710791
              ],
              [
                -71.13853454659967,
                42.39070361342721
              ],
              [
                -71.13851785316008,
                42.39070973553109
              ],
              [
                -71.13850116435198,
                42.390715171118806
              ],
              [
                -71.13848470689429,
                42.39072060743098
              ],
              [
                -71.13846778209512,
                42.39072672827464
              ],
              [
                -71.13845109327822,
                42.39073216385507
              ],
              [
                -71.1384344037458,
                42.39073759995689
              ],
              [
                -71.13841748356984,
                42.39074303480546
              ],
              [
                -71.13840079795784,
                42.39074778438652
              ],
              [
                -71.13838387777626,
                42.39075321923016
              ],
              [
                -71.13836695688214,
                42.39075865406905
              ],
              [
                -71.13835003669475,
                42.390764088907666
              ],
              [
                -71.13833288907192,
                42.39076883755287
              ],
              [
                -71.13831596816924,
                42.39077427238424
              ],
              [
                -71.13829905189755,
                42.390779021225484
              ],
              [
                -71.13828190356023,
                42.390783769334725
              ],
              [
                -71.13826475592994,
                42.39078851744367
              ],
              [
                -71.13824760366258,
                42.39079395153763
              ],
              [
                -71.13823045602396,
                42.39079870016753
              ],
              [
                -71.13821330838577,
                42.39080344826879
              ],
              [
                -71.13819616396077,
                42.39080751037539
              ],
              [
                -71.13817878496405,
                42.39081225774402
              ],
              [
                -71.13816163660861,
                42.39081700583535
              ],
              [
                -71.13814426153264,
                42.390821067208904
              ],
              [
                -71.1381268818156,
                42.39082581509353
              ],
              [
                -71.13810973808862,
                42.390829877189496
              ],
              [
                -71.13744712234795,
                42.390990376450794
              ],
              [
                -71.13742951511149,
                42.390994437511154
              ],
              [
                -71.13741190858543,
                42.39099849804498
              ],
              [
                -71.13739430134754,
                42.39100255857386
              ],
              [
                -71.13737692617123,
                42.391006619831415
              ],
              [
                -71.13735931963846,
                42.39101068035718
              ],
              [
                -71.13734148103943,
                42.39101474014885
              ],
              [
                -71.13732387843697,
                42.391018114679376
              ],
              [
                -71.1373062711849,
                42.39102217572088
              ],
              [
                -71.13728843328884,
                42.39102623550652
              ],
              [
                -71.13727082997069,
                42.39102961002673
              ],
              [
                -71.13725299600597,
                42.39103298381712
              ],
              [
                -71.13723516132964,
                42.391036357602474
              ],
              [
                -71.13721755477948,
                42.39104041810655
              ],
              [
                -71.13719972009913,
                42.391043791886446
              ],
              [
                -71.13718188612661,
                42.39104716566578
              ],
              [
                -71.13716405143947,
                42.391050539966216
              ],
              [
                -71.13714599004545,
                42.391053227020706
              ],
              [
                -71.1371281560674,
                42.39105660079174
              ],
              [
                -71.13711032137776,
                42.39105997455774
              ],
              [
                -71.13709225997876,
                42.39106266160378
              ],
              [
                -71.1370744252855,
                42.39106603536424
              ],
              [
                -71.13705636388323,
                42.39106872240466
              ],
              [
                -71.13703853312431,
                42.391071410169765
              ],
              [
                -71.13702046778083,
                42.39107478319431
              ],
              [
                -71.13700240566415,
                42.39107747022401
              ],
              [
                -71.13698434425254,
                42.3910801577792
              ],
              [
                -71.13696628213278,
                42.39108284480323
              ],
              [
                -71.13694822466006,
                42.391084845836886
              ],
              [
                -71.13693016253742,
                42.39108753285525
              ],
              [
                -71.1369121011229,
                42.39109021987299
              ],
              [
                -71.13689404364644,
                42.39109222089815
              ],
              [
                -71.13687575016473,
                42.39109490717788
              ],
              [
                -71.13685769268577,
                42.39109690819734
              ],
              [
                -71.13683963055578,
                42.39109959520146
              ],
              [
                -71.13682134171968,
                42.391101595485075
              ],
              [
                -71.13680328352739,
                42.391103596493735
              ],
              [
                -71.13678499468594,
                42.3911055972976
              ],
              [
                -71.13676670513672,
                42.39110759757025
              ],
              [
                -71.13674864765063,
                42.39110959857256
              ],
              [
                -71.1367303580991,
                42.39111159883947
              ],
              [
                -71.13671207319757,
                42.391112913115904
              ],
              [
                -71.13669401499854,
                42.39111491410742
              ],
              [
                -71.13667619280469,
                42.391116229839135
              ],
              [
                -71.13665813854573,
                42.39111754483527
              ],
              [
                -71.13664008499565,
                42.39111885983084
              ],
              [
                -71.13662202679271,
                42.39112086081106
              ],
              [
                -71.1366042085383,
                42.39112149054188
              ],
              [
                -71.13658615498603,
                42.391122805528966
              ],
              [
                -71.13656810072328,
                42.39112412051101
              ],
              [
                -71.13655004716951,
                42.39112543549242
              ],
              [
                -71.13653199290525,
                42.39112675046877
              ],
              [
                -71.13651394329364,
                42.39112737945482
              ],
              [
                -71.13649588902805,
                42.3911286944255
              ],
              [
                -71.13647783941555,
                42.39112932340587
              ],
              [
                -71.13645978909291,
                42.39112995238117
              ],
              [
                -71.13644173553523,
                42.39113126734559
              ],
              [
                -71.13642368521168,
                42.39113189631523
              ],
              [
                -71.13640563559753,
                42.391132525284284
              ],
              [
                -71.13638735391552,
                42.391133154043196
              ],
              [
                -71.13636930430064,
                42.39113378300656
              ],
              [
                -71.13635125863078,
                42.39113372597733
              ],
              [
                -71.1363332083057,
                42.391134354932774
              ],
              [
                -71.1363151586899,
                42.391134983887596
              ],
              [
                -71.1362971123101,
                42.391134926847634
              ],
              [
                -71.13627883133904,
                42.3911355550655
              ],
              [
                -71.13626078495908,
                42.39113549801988
              ],
              [
                -71.13624273534228,
                42.391136126963374
              ],
              [
                -71.13622468896217,
                42.391136069912065
              ],
              [
                -71.13620641193711,
                42.39113601212871
              ],
              [
                -71.13618836555708,
                42.39113595507171
              ],
              [
                -71.1361703198868,
                42.391135898014106
              ],
              [
                -71.13615227350684,
                42.39113584095145
              ],
              [
                -71.13613422783664,
                42.39113578388818
              ],
              [
                -71.136115950102,
                42.391135726088216
              ],
              [
                -71.13609813973478,
                42.391134983761184
              ],
              [
                -71.13608032541956,
                42.39113492742116
              ],
              [
                -71.13606251434331,
                42.39113418508639
              ],
              [
                -71.13604470002839,
                42.391134128740845
              ],
              [
                -71.13602688895271,
                42.39113338640061
              ],
              [
                -71.13600907858721,
                42.3911326440598
              ],
              [
                -71.13599126751241,
                42.391131901714
              ],
              [
                -71.13597345715071,
                42.39113115884166
              ],
              [
                -71.13595564607677,
                42.391130416490356
              ],
              [
                -71.13593783571292,
                42.391129674138526
              ],
              [
                -71.13592002463982,
                42.3911289317817
              ],
              [
                -71.13590221822706,
                42.391127503434674
              ],
              [
                -71.13588440715498,
                42.39112676107235
              ],
              [
                -71.1358666007437,
                42.39112533271981
              ],
              [
                -71.13584879433316,
                42.391123904364484
              ],
              [
                -71.1358309872138,
                42.3911224760042
              ],
              [
                -71.1358134121596,
                42.391121048375574
              ],
              [
                -71.13579560504185,
                42.39111962000982
              ],
              [
                -71.13577779863452,
                42.391118191643514
              ],
              [
                -71.13576022287302,
                42.391116764004565
              ],
              [
                -71.13574241646737,
                42.39111533563279
              ],
              [
                -71.13572484465969,
                42.39111322199872
              ],
              [
                -71.13570703825577,
                42.39111179362146
              ],
              [
                -71.13568946645026,
                42.391109679982016
              ],
              [
                -71.135671664001,
                42.391107565609566
              ],
              [
                -71.13565409290753,
                42.39110545196695
              ],
              [
                -71.13464119098184,
                42.390984245750644
              ],
              [
                -71.13440704707864,
                42.39094508487368
              ],
              [
                -71.13413800404149,
                42.39089963906442
              ],
              [
                -71.1337342072298,
                42.39083181064057
              ],
              [
                -71.13303664614239,
                42.39071296560556
              ],
              [
                -71.13204877844402,
                42.390545853668534
              ],
              [
                -71.13107547984323,
                42.390380837421624
              ],
              [
                -71.13044311914317,
                42.39027110368255
              ]
            ]
          ]
        ]
      },
      "properties": {
        "n_hood": "9",
        "name": "Neighborhood Nine",
        "webpage": "https://www.cambridgema.gov/CDD/planud/neighplan/neighs/9",
        "_feature_id": "2"
      }
    },
    {
      "type": "Feature",
      "geometry": {
        "type": "MultiPolygon",
        "coordinates": [
          [
            [
              [
                -71.0874946534132,
                42.37327611598167
              ],
              [
                -71.08751488684119,
                42.37319972613327
              ],
              [
                -71.08754180139091,
                42.373098111081305
              ],
              [
                -71.0875560031339,
                42.373044491436545
              ],
              [
                -71.08767552615998,
                42.372593232795076
              ],
              [
                -71.08779105302999,
                42.37215047793982
              ],
              [
                -71.08800635919303,
                42.37133831622715
              ],
              [
                -71.08802438791542,
                42.37126909302968
              ],
              [
                -71.08802816885209,
                42.37125675791716
              ],
              [
                -71.0880321855335,
                42.371243738167784
              ],
              [
                -71.08803596646715,
                42.37123140305492
              ],
              [
                -71.08803997867722,
                42.37121906929627
              ],
              [
                -71.08804422734795,
                42.37120604985111
              ],
              [
                -71.08804823955475,
                42.37119371609213
              ],
              [
                -71.08805248750919,
                42.3711806971701
              ],
              [
                -71.08805673099735,
                42.37116836371293
              ],
              [
                -71.08806120576145,
                42.371156031609935
              ],
              [
                -71.08806568499517,
                42.37114301298952
              ],
              [
                -71.08807015975573,
                42.371130680886054
              ],
              [
                -71.08807486579894,
                42.37111834908457
              ],
              [
                -71.08807934055602,
                42.37110601698071
              ],
              [
                -71.08808428305011,
                42.37109300054445
              ],
              [
                -71.08808898908777,
                42.37108066874227
              ],
              [
                -71.0880939264009,
                42.371068338294165
              ],
              [
                -71.08812802123056,
                42.37098270790952
              ],
              [
                -71.08813318981225,
                42.37097037776144
              ],
              [
                -71.08813813157525,
                42.37095736131996
              ],
              [
                -71.08814307333964,
                42.37094434435215
              ],
              [
                -71.08814778381833,
                42.37093132708208
              ],
              [
                -71.08815249429847,
                42.37091830928571
              ],
              [
                -71.08815720477328,
                42.370905292015166
              ],
              [
                -71.08816168020863,
                42.37089295991003
              ],
              [
                -71.08816615940304,
                42.37087994128491
              ],
              [
                -71.08817063859213,
                42.37086692318568
              ],
              [
                -71.0881748865029,
                42.370853903732105
              ],
              [
                -71.08817913440842,
                42.37084088480444
              ],
              [
                -71.08818338231569,
                42.37082786535048
              ],
              [
                -71.08818739893793,
                42.370814845594396
              ],
              [
                -71.08819141556192,
                42.37080182531207
              ],
              [
                -71.08819543218085,
                42.37078880555559
              ],
              [
                -71.08819921823132,
                42.37077578444746
              ],
              [
                -71.08820300803374,
                42.37076207787154
              ],
              [
                -71.08820679336819,
                42.37074905728661
              ],
              [
                -71.08824593772935,
                42.37059827267777
              ],
              [
                -71.08849330751656,
                42.36965519455104
              ],
              [
                -71.0886640760078,
                42.36900271475547
              ],
              [
                -71.08877528824759,
                42.36858120992821
              ],
              [
                -71.08911299466989,
                42.36729407087706
              ],
              [
                -71.0892858228702,
                42.366642968703275
              ],
              [
                -71.0895191522246,
                42.36575609172715
              ],
              [
                -71.08966025278934,
                42.3652173829727
              ],
              [
                -71.08966357497677,
                42.36520436014736
              ],
              [
                -71.08966689715942,
                42.36519133784799
              ],
              [
                -71.08967022005345,
                42.365178315024906
              ],
              [
                -71.08967331097413,
                42.36516529190022
              ],
              [
                -71.08967662870273,
                42.365152955592514
              ],
              [
                -71.08967971962427,
                42.36513993194152
              ],
              [
                -71.08968281054118,
                42.36512690881647
              ],
              [
                -71.08968613271917,
                42.365113885990205
              ],
              [
                -71.08968922363347,
                42.36510086286493
              ],
              [
                -71.08969231454986,
                42.365087839213416
              ],
              [
                -71.08969540101185,
                42.36507550208002
              ],
              [
                -71.08969826066694,
                42.365062477603324
              ],
              [
                -71.0897013515762,
                42.36504945447751
              ],
              [
                -71.08970421122551,
                42.36503643052666
              ],
              [
                -71.08970730213568,
                42.365023406874585
              ],
              [
                -71.08971016249194,
                42.36501038292603
              ],
              [
                -71.08971302214105,
                42.36499735844878
              ],
              [
                -71.08972935730407,
                42.36490343204216
              ],
              [
                -71.08978772913964,
                42.36492490701607
              ],
              [
                -71.09077670145064,
                42.36530711318127
              ],
              [
                -71.09088908746882,
                42.365344557938045
              ],
              [
                -71.09093533797297,
                42.36548810071814
              ],
              [
                -71.09094916607708,
                42.365531369445605
              ],
              [
                -71.09099777766,
                42.365631701043526
              ],
              [
                -71.0910087717262,
                42.36564820485209
              ],
              [
                -71.09103264172467,
                42.36567641657612
              ],
              [
                -71.09105494099613,
                42.36569707609785
              ],
              [
                -71.09132729653427,
                42.365924430913005
              ],
              [
                -71.09164340051676,
                42.36618212526098
              ],
              [
                -71.09178120305889,
                42.366295121793705
              ],
              [
                -71.09194408178436,
                42.366428787879
              ],
              [
                -71.09233103268923,
                42.36674710133434
              ],
              [
                -71.09236852994034,
                42.36677810509937
              ],
              [
                -71.0923915333829,
                42.36679739483426
              ],
              [
                -71.09274652685934,
                42.36708678127785
              ],
              [
                -71.09311831414149,
                42.367390631635004
              ],
              [
                -71.09322805728135,
                42.36748020234305
              ],
              [
                -71.0933389482513,
                42.36757114901656
              ],
              [
                -71.0937031350709,
                42.3678708550402
              ],
              [
                -71.09380298374529,
                42.36795284415209
              ],
              [
                -71.09389201514884,
                42.36802656236868
              ],
              [
                -71.09420282455265,
                42.3682835447857
              ],
              [
                -71.094371918243,
                42.36842340332834
              ],
              [
                -71.09443772011684,
                42.36847714497841
              ],
              [
                -71.0947895033617,
                42.368765141081184
              ],
              [
                -71.09495538888665,
                42.36890087087066
              ],
              [
                -71.09538861479516,
                42.369257068140804
              ],
              [
                -71.09551791743863,
                42.36936316957453
              ],
              [
                -71.09562950443815,
                42.36945480295857
              ],
              [
                -71.09590490357165,
                42.36968147079302
              ],
              [
                -71.09603398176013,
                42.36978688536087
              ],
              [
                -71.09609265123393,
                42.369835112932805
              ],
              [
                -71.09619251048628,
                42.369916413942384
              ],
              [
                -71.0963294041831,
                42.37002940168293
              ],
              [
                -71.09655511851768,
                42.37021404659275
              ],
              [
                -71.09677461589332,
                42.37039455321279
              ],
              [
                -71.0968795344311,
                42.37048067339265
              ],
              [
                -71.09701068356495,
                42.37058815211228
              ],
              [
                -71.09711721296195,
                42.37067564972645
              ],
              [
                -71.09725135206877,
                42.37078588266363
              ],
              [
                -71.09741126474411,
                42.37091678585174
              ],
              [
                -71.0975302189214,
                42.37101461718553
              ],
              [
                -71.0976526259394,
                42.37111520397115
              ],
              [
                -71.09799200087575,
                42.3713949145224
              ],
              [
                -71.09812108168074,
                42.37150101269867
              ],
              [
                -71.09824280037938,
                42.371600910427155
              ],
              [
                -71.09845816605785,
                42.37177796928054
              ],
              [
                -71.09852765295079,
                42.371835151422154
              ],
              [
                -71.0985488229003,
                42.371852375997626
              ],
              [
                -71.09885784150602,
                42.37210590867287
              ],
              [
                -71.09897518986138,
                42.37220236085736
              ],
              [
                -71.09906929980887,
                42.372279522691095
              ],
              [
                -71.09967768588115,
                42.37277831970223
              ],
              [
                -71.09975937313891,
                42.37284514762649
              ],
              [
                -71.09983255067081,
                42.37290439981804
              ],
              [
                -71.10009602662396,
                42.37311935427572
              ],
              [
                -71.10043566812439,
                42.37339699979671
              ],
              [
                -71.10056935620703,
                42.373507227189684
              ],
              [
                -71.10083788227391,
                42.37372905749896
              ],
              [
                -71.10116807762903,
                42.3740018659751
              ],
              [
                -71.10149805679448,
                42.374272615235476
              ],
              [
                -71.10155304301905,
                42.374319606683066
              ],
              [
                -71.10161310545747,
                42.37437093583856
              ],
              [
                -71.10161706205028,
                42.37437481411203
              ],
              [
                -71.10160826110693,
                42.37437496881229
              ],
              [
                -71.10135120441294,
                42.37437948952124
              ],
              [
                -71.10132347111013,
                42.37437997735616
              ],
              [
                -71.10107252529788,
                42.3743843897317
              ],
              [
                -71.10086387906433,
                42.37438805768371
              ],
              [
                -71.10043696458162,
                42.37439556262428
              ],
              [
                -71.10041428916968,
                42.37439596101417
              ],
              [
                -71.10034578963712,
                42.3743971650343
              ],
              [
                -71.10027835731485,
                42.37439835010058
              ],
              [
                -71.09985395816452,
                42.37440580848428
              ],
              [
                -71.09974600794577,
                42.374407705590066
              ],
              [
                -71.09951535101203,
                42.37441175798537
              ],
              [
                -71.09941495570266,
                42.37441352168035
              ],
              [
                -71.09939994518822,
                42.374413785581496
              ],
              [
                -71.0991576233772,
                42.37441804231563
              ],
              [
                -71.09899233456294,
                42.374420945725966
              ],
              [
                -71.09887673215071,
                42.37442297632062
              ],
              [
                -71.09885668004735,
                42.374423328312695
              ],
              [
                -71.09868865292319,
                42.37442627960644
              ],
              [
                -71.09864110305377,
                42.37442711484117
              ],
              [
                -71.09843671829277,
                42.374430703826846
              ],
              [
                -71.09831390860991,
                42.374432860207286
              ],
              [
                -71.09822390153275,
                42.37443444028822
              ],
              [
                -71.09812336636205,
                42.37443620552421
              ],
              [
                -71.09803192236755,
                42.37443781094758
              ],
              [
                -71.09795192891366,
                42.37443921537467
              ],
              [
                -71.09793787490773,
                42.37443946191104
              ],
              [
                -71.0978737172223,
                42.374440588097016
              ],
              [
                -71.09782991747919,
                42.37444135719391
              ],
              [
                -71.09752576306056,
                42.374446696347796
              ],
              [
                -71.09751788242754,
                42.37444683449015
              ],
              [
                -71.09748224468703,
                42.374445505076494
              ],
              [
                -71.09740620034144,
                42.3744426690724
              ],
              [
                -71.09727775524976,
                42.37443787827588
              ],
              [
                -71.09722328962194,
                42.37443584683766
              ],
              [
                -71.09720793273426,
                42.37443490399444
              ],
              [
                -71.09693615429153,
                42.37441821388603
              ],
              [
                -71.09692175486926,
                42.374417329597584
              ],
              [
                -71.09680131938043,
                42.37441054671875
              ],
              [
                -71.09640741103682,
                42.374388360567245
              ],
              [
                -71.09628563376107,
                42.37438150141992
              ],
              [
                -71.09624541795421,
                42.37437923597093
              ],
              [
                -71.09622553488217,
                42.374378116130146
              ],
              [
                -71.09592505121994,
                42.37436119029974
              ],
              [
                -71.0958394946298,
                42.3743563712513
              ],
              [
                -71.09568303951752,
                42.37434755781884
              ],
              [
                -71.09558344340871,
                42.37434194746311
              ],
              [
                -71.0955069432532,
                42.37433763821091
              ],
              [
                -71.0954239096653,
                42.37433426917969
              ],
              [
                -71.09534789621674,
                42.37433118466586
              ],
              [
                -71.09511438777403,
                42.374321709562864
              ],
              [
                -71.09496676368173,
                42.374315719188274
              ],
              [
                -71.09476787363566,
                42.3743076478458
              ],
              [
                -71.09475940508227,
                42.374307304470555
              ],
              [
                -71.09472568411891,
                42.37430593150338
              ],
              [
                -71.09464544610788,
                42.374302664348676
              ],
              [
                -71.09461221457727,
                42.37430131148562
              ],
              [
                -71.0942623437629,
                42.37428706491418
              ],
              [
                -71.09425983136245,
                42.374286962410736
              ],
              [
                -71.09381707778523,
                42.37426893260737
              ],
              [
                -71.09373564112023,
                42.37426561639475
              ],
              [
                -71.09368655013725,
                42.3742617210055
              ],
              [
                -71.09368607855875,
                42.374261683566516
              ],
              [
                -71.09322751575729,
                42.37422529758761
              ],
              [
                -71.09315080384043,
                42.374219209977355
              ],
              [
                -71.09315076128819,
                42.374219207196454
              ],
              [
                -71.09307803687753,
                42.3742134361356
              ],
              [
                -71.09306531561928,
                42.37421242683283
              ],
              [
                -71.09292349550869,
                42.374201172537006
              ],
              [
                -71.09284948617842,
                42.37419529945995
              ],
              [
                -71.09277341539895,
                42.37418937221661
              ],
              [
                -71.09273144815852,
                42.374186101893045
              ],
              [
                -71.09263612481314,
                42.374178673883385
              ],
              [
                -71.09230741970877,
                42.374153059364076
              ],
              [
                -71.09195006686066,
                42.3741252111443
              ],
              [
                -71.091808815984,
                42.37411420317054
              ],
              [
                -71.09171147534019,
                42.374106617303134
              ],
              [
                -71.09152713414439,
                42.37409225116475
              ],
              [
                -71.09151653528664,
                42.374091424937134
              ],
              [
                -71.09145031611142,
                42.37408638457363
              ],
              [
                -71.09140020957922,
                42.374082570877704
              ],
              [
                -71.0913415322433,
                42.37407810541361
              ],
              [
                -71.09123277463759,
                42.37406982887433
              ],
              [
                -71.09119255228003,
                42.37406676778145
              ],
              [
                -71.09109224283145,
                42.374059134013415
              ],
              [
                -71.09109069049929,
                42.37405901591457
              ],
              [
                -71.09107185828053,
                42.37405758274443
              ],
              [
                -71.09093439148141,
                42.37404712059114
              ],
              [
                -71.090934379427,
                42.37404711949615
              ],
              [
                -71.09093436665971,
                42.37404711892467
              ],
              [
                -71.0909002444475,
                42.374044521853776
              ],
              [
                -71.09083418208812,
                42.37403949379266
              ],
              [
                -71.0908302065882,
                42.374039191361035
              ],
              [
                -71.09076313582415,
                42.374034087073376
              ],
              [
                -71.09058968896225,
                42.37402088662608
              ],
              [
                -71.0905525145959,
                42.374018057110014
              ],
              [
                -71.09036566063305,
                42.37400383588368
              ],
              [
                -71.09021976227824,
                42.3739927310211
              ],
              [
                -71.0900409381647,
                42.373979120239824
              ],
              [
                -71.09003279996531,
                42.37397850097633
              ],
              [
                -71.08992700411055,
                42.373970448396506
              ],
              [
                -71.0897947421335,
                42.37396038115833
              ],
              [
                -71.08975258499844,
                42.373950118009915
              ],
              [
                -71.08972461744312,
                42.37394330865781
              ],
              [
                -71.08967033145184,
                42.37393009247898
              ],
              [
                -71.08953896531916,
                42.37389810959868
              ],
              [
                -71.08948131177394,
                42.37388407325724
              ],
              [
                -71.0894807677388,
                42.37388394084825
              ],
              [
                -71.08933884909004,
                42.37384938858853
              ],
              [
                -71.08927513688013,
                42.373833876958756
              ],
              [
                -71.08918728108148,
                42.37381248694689
              ],
              [
                -71.08914286584196,
                42.37380167312251
              ],
              [
                -71.08911037330554,
                42.37379376215838
              ],
              [
                -71.08909759418844,
                42.37379065105111
              ],
              [
                -71.08899175425643,
                42.373764882276525
              ],
              [
                -71.08897388688847,
                42.37376053194662
              ],
              [
                -71.08887831425076,
                42.37373726285333
              ],
              [
                -71.08874736331481,
                42.37370538050362
              ],
              [
                -71.08869644747153,
                42.37369298396841
              ],
              [
                -71.08866192838734,
                42.37368457953431
              ],
              [
                -71.08858897152203,
                42.373666816517144
              ],
              [
                -71.08855092122594,
                42.3736575519074
              ],
              [
                -71.08849389006981,
                42.37364366670128
              ],
              [
                -71.08845549694779,
                42.3736343187652
              ],
              [
                -71.0884025396884,
                42.373621425016566
              ],
              [
                -71.08834602641828,
                42.37360766574438
              ],
              [
                -71.08823937742869,
                42.37358169925594
              ],
              [
                -71.08800416059432,
                42.37352442932243
              ],
              [
                -71.08799729506637,
                42.3735227575804
              ],
              [
                -71.08796305384794,
                42.37351442074275
              ],
              [
                -71.08794453492013,
                42.373509911672976
              ],
              [
                -71.08785123407583,
                42.37348719435157
              ],
              [
                -71.08762541657887,
                42.37343221208991
              ],
              [
                -71.08760422502552,
                42.373427052094065
              ],
              [
                -71.08751417583039,
                42.37340512685609
              ],
              [
                -71.08749303671402,
                42.37339997965363
              ],
              [
                -71.08748940987068,
                42.37339909651335
              ],
              [
                -71.08746348077449,
                42.373392783172186
              ],
              [
                -71.08746494983593,
                42.37338826048013
              ],
              [
                -71.0874946534132,
                42.37327611598167
              ]
            ]
          ]
        ]
      },
      "properties": {
        "n_hood": "3",
        "name": "Wellington-Harrington",
        "webpage": "https://www.cambridgema.gov/CDD/planud/neighplan/neighs/3",
        "_feature_id": "3"
      }
    },
    {
      "type": "Feature",
      "geometry": {
        "type": "MultiPolygon",
        "coordinates": [
          [
            [
              [
                -71.10726818470793,
                42.378089338811556
              ],
              [
                -71.10726813744064,
                42.37808929498576
              ],
              [
                -71.10724001407,
                42.37806322336229
              ],
              [
                -71.10723887612693,
                42.37806216837406
              ],
              [
                -71.10721489043421,
                42.37803993229889
              ],
              [
                -71.10720679714339,
                42.378032429627865
              ],
              [
                -71.1071984378913,
                42.37802467984379
              ],
              [
                -71.10719548968262,
                42.37802194679916
              ],
              [
                -71.10716194686964,
                42.37799085049607
              ],
              [
                -71.10714675927532,
                42.37797677129743
              ],
              [
                -71.10709872101675,
                42.37793223679659
              ],
              [
                -71.10708445269321,
                42.377919009292384
              ],
              [
                -71.10704309539912,
                42.37788066900327
              ],
              [
                -71.10703411183825,
                42.37787234049316
              ],
              [
                -71.10697201146012,
                42.37781476956967
              ],
              [
                -71.10696334608349,
                42.37780673674438
              ],
              [
                -71.10695814389884,
                42.377801913777134
              ],
              [
                -71.1069130061168,
                42.377760067893426
              ],
              [
                -71.10689544400215,
                42.37774378732883
              ],
              [
                -71.10686844194227,
                42.37771875423795
              ],
              [
                -71.10685090524963,
                42.377702496900596
              ],
              [
                -71.10684339971112,
                42.37769553807187
              ],
              [
                -71.10680139014394,
                42.37765659310471
              ],
              [
                -71.10674816150284,
                42.37760724656561
              ],
              [
                -71.10674733680906,
                42.37760648145986
              ],
              [
                -71.10674187786263,
                42.37760142086978
              ],
              [
                -71.10670710585906,
                42.37756918442575
              ],
              [
                -71.1066802852488,
                42.3775443202544
              ],
              [
                -71.10667695119386,
                42.377541229196126
              ],
              [
                -71.1066270567967,
                42.37749497365801
              ],
              [
                -71.10662313579432,
                42.377491338730984
              ],
              [
                -71.10662068711112,
                42.37748906822333
              ],
              [
                -71.10659036814934,
                42.37746096037197
              ],
              [
                -71.10658600058916,
                42.377456911471526
              ],
              [
                -71.10657197163361,
                42.37744390567287
              ],
              [
                -71.10655961535221,
                42.377432450157336
              ],
              [
                -71.10653119909023,
                42.377406106422946
              ],
              [
                -71.10652862060782,
                42.377403715523606
              ],
              [
                -71.10652348832629,
                42.377398958008754
              ],
              [
                -71.10648916381238,
                42.37736713599823
              ],
              [
                -71.106462279177,
                42.37734221210858
              ],
              [
                -71.10645767530215,
                42.37733794407241
              ],
              [
                -71.10643171908804,
                42.37731388033209
              ],
              [
                -71.10641359567413,
                42.37729707853234
              ],
              [
                -71.10637803952729,
                42.377264114893535
              ],
              [
                -71.10635375602544,
                42.37724160247499
              ],
              [
                -71.1063486146021,
                42.37723683597748
              ],
              [
                -71.1062582870921,
                42.37715309459405
              ],
              [
                -71.1062424939117,
                42.37713845292636
              ],
              [
                -71.10623617579473,
                42.377132595519285
              ],
              [
                -71.10622586053645,
                42.37712303188967
              ],
              [
                -71.10618584324759,
                42.377085932677566
              ],
              [
                -71.10605052837772,
                42.37696048327575
              ],
              [
                -71.10603012512674,
                42.376941567716656
              ],
              [
                -71.10573226954678,
                42.37666542538311
              ],
              [
                -71.10571312430358,
                42.37664767618347
              ],
              [
                -71.1055564799748,
                42.37650244935193
              ],
              [
                -71.10527382444917,
                42.37624039471874
              ],
              [
                -71.10513914385787,
                42.37611552927907
              ],
              [
                -71.10492766303085,
                42.37591945885514
              ],
              [
                -71.10449688637019,
                42.37552006740706
              ],
              [
                -71.10440419918343,
                42.375434132129236
              ],
              [
                -71.10415421478672,
                42.37520235704997
              ],
              [
                -71.1032346392751,
                42.37435219738567
              ],
              [
                -71.10313713638563,
                42.37435233557087
              ],
              [
                -71.10273796926644,
                42.37435821713136
              ],
              [
                -71.1026213977706,
                42.37435993459907
              ],
              [
                -71.10245225431592,
                42.374362426688144
              ],
              [
                -71.10241095741434,
                42.3743630346769
              ],
              [
                -71.10223632400816,
                42.37436560742864
              ],
              [
                -71.10216331079097,
                42.37436668276441
              ],
              [
                -71.10206211704279,
                42.37436817297323
              ],
              [
                -71.10194250855514,
                42.37436993448551
              ],
              [
                -71.10183395727357,
                42.37437153318398
              ],
              [
                -71.1017822630436,
                42.374372294346905
              ],
              [
                -71.10164751659536,
                42.37437427828719
              ],
              [
                -71.10161706205028,
                42.37437481411203
              ],
              [
                -71.10161310545747,
                42.37437093583856
              ],
              [
                -71.10155304301905,
                42.374319606683066
              ],
              [
                -71.10154554986758,
                42.37431320255542
              ],
              [
                -71.10149805679448,
                42.374272615235476
              ],
              [
                -71.10116807762903,
                42.3740018659751
              ],
              [
                -71.10083788227391,
                42.37372905749896
              ],
              [
                -71.10056935620703,
                42.373507227189684
              ],
              [
                -71.10043566812439,
                42.37339699979671
              ],
              [
                -71.10009602662396,
                42.37311935427572
              ],
              [
                -71.09983255067081,
                42.37290439981804
              ],
              [
                -71.09975937313891,
                42.37284514762649
              ],
              [
                -71.09967768588115,
                42.37277831970223
              ],
              [
                -71.09906929980887,
                42.372279522691095
              ],
              [
                -71.09897518986138,
                42.37220236085736
              ],
              [
                -71.09905780983208,
                42.37208533963805
              ],
              [
                -71.09986062236239,
                42.3709534590911
              ],
              [
                -71.09990286238146,
                42.37089392238505
              ],
              [
                -71.0999455692201,
                42.37083370127983
              ],
              [
                -71.10002584678253,
                42.37072078723504
              ],
              [
                -71.10007018535602,
                42.370658513735684
              ],
              [
                -71.10010332268395,
                42.370611979432766
              ],
              [
                -71.10075160878105,
                42.36969839549287
              ],
              [
                -71.10088416243357,
                42.36951088646388
              ],
              [
                -71.10093830375814,
                42.36943423996104
              ],
              [
                -71.10102184590619,
                42.36931653447522
              ],
              [
                -71.10110235522215,
                42.36920293445062
              ],
              [
                -71.10140011677548,
                42.368783437056294
              ],
              [
                -71.10167617537986,
                42.368394048019574
              ],
              [
                -71.10174244524774,
                42.36830097895688
              ],
              [
                -71.10181781652432,
                42.36819490670186
              ],
              [
                -71.10208033915119,
                42.36782399251965
              ],
              [
                -71.10235452198539,
                42.36743733986489
              ],
              [
                -71.10240376072663,
                42.36736753577124
              ],
              [
                -71.10245906333382,
                42.36728952052811
              ],
              [
                -71.10274769633902,
                42.36688439412697
              ],
              [
                -71.10306899678461,
                42.366432730169564
              ],
              [
                -71.10315929244888,
                42.36634317320975
              ],
              [
                -71.10326215423645,
                42.36624131139183
              ],
              [
                -71.10360641147035,
                42.365926243166406
              ],
              [
                -71.10383459435316,
                42.36571779341045
              ],
              [
                -71.1039909067717,
                42.365574266996475
              ],
              [
                -71.10422061534514,
                42.365712947761686
              ],
              [
                -71.10441647458927,
                42.36582818687311
              ],
              [
                -71.10456629582524,
                42.36590896648635
              ],
              [
                -71.10467412988007,
                42.36597313689701
              ],
              [
                -71.10475408783715,
                42.3660200612347
              ],
              [
                -71.10505571531544,
                42.36619740435306
              ],
              [
                -71.10517761032057,
                42.36626916916987
              ],
              [
                -71.1053128083123,
                42.36635881569219
              ],
              [
                -71.1053915980755,
                42.366407793066216
              ],
              [
                -71.10547960001348,
                42.3664629765742
              ],
              [
                -71.10559086640403,
                42.36653333247438
              ],
              [
                -71.10568070597772,
                42.36659058014855
              ],
              [
                -71.10578484636314,
                42.3666540508301
              ],
              [
                -71.10605211021377,
                42.36681686683397
              ],
              [
                -71.10626361688334,
                42.36694587700723
              ],
              [
                -71.10634287491229,
                42.366994169840105
              ],
              [
                -71.10641337055922,
                42.36703831606572
              ],
              [
                -71.10657117206408,
                42.36713832905698
              ],
              [
                -71.1066617121601,
                42.36719489234018
              ],
              [
                -71.10674556629316,
                42.36724800213091
              ],
              [
                -71.10683333931415,
                42.367303183802
              ],
              [
                -71.10692157502311,
                42.36735836698614
              ],
              [
                -71.10701004286308,
                42.367413550894426
              ],
              [
                -71.10710104983299,
                42.367469429413795
              ],
              [
                -71.10738029537411,
                42.367640515814394
              ],
              [
                -71.10759756866058,
                42.36777297321022
              ],
              [
                -71.10769341629978,
                42.36783161179429
              ],
              [
                -71.10778583407269,
                42.36788406401381
              ],
              [
                -71.10805465742466,
                42.36802081234176
              ],
              [
                -71.10828244256061,
                42.36813683955258
              ],
              [
                -71.10836936103355,
                42.36818104101261
              ],
              [
                -71.10837973847227,
                42.368185878392765
              ],
              [
                -71.10869726566514,
                42.36833856916771
              ],
              [
                -71.10878281829302,
                42.368379335631076
              ],
              [
                -71.10888221833021,
                42.36842495063761
              ],
              [
                -71.10937161267564,
                42.368648884075974
              ],
              [
                -71.10991010876795,
                42.36886200530859
              ],
              [
                -71.11016026325346,
                42.36895203583933
              ],
              [
                -71.11027034180216,
                42.36899151229137
              ],
              [
                -71.11036518953277,
                42.36902544846666
              ],
              [
                -71.11064257793056,
                42.36912517428141
              ],
              [
                -71.11073442794235,
                42.36915772798947
              ],
              [
                -71.11083273332751,
                42.36919373402325
              ],
              [
                -71.111763655586,
                42.36953165681883
              ],
              [
                -71.1118610405363,
                42.369566972853704
              ],
              [
                -71.111961193199,
                42.369603669629164
              ],
              [
                -71.11232764968436,
                42.369737992632146
              ],
              [
                -71.1127137039438,
                42.369882671066094
              ],
              [
                -71.11293902821184,
                42.370063166844695
              ],
              [
                -71.1133006098195,
                42.370352510894605
              ],
              [
                -71.11380581717819,
                42.37075690121769
              ],
              [
                -71.11388660419459,
                42.37082165805731
              ],
              [
                -71.11435010623278,
                42.371201209177435
              ],
              [
                -71.11525276872385,
                42.37193415602022
              ],
              [
                -71.115839660446,
                42.372450630900246
              ],
              [
                -71.11594908610614,
                42.372523028481055
              ],
              [
                -71.115998150899,
                42.37255612108797
              ],
              [
                -71.11603803923941,
                42.37257683493892
              ],
              [
                -71.11610265517238,
                42.372601061331515
              ],
              [
                -71.11630883152007,
                42.372662118787524
              ],
              [
                -71.11641850355785,
                42.372694041342285
              ],
              [
                -71.1165016310468,
                42.37271695722418
              ],
              [
                -71.1170417285429,
                42.37286625042839
              ],
              [
                -71.11711838873214,
                42.37288777231993
              ],
              [
                -71.11718697051062,
                42.372906522727334
              ],
              [
                -71.11781710931879,
                42.37308355263829
              ],
              [
                -71.1178953890553,
                42.37310507938996
              ],
              [
                -71.11799791342936,
                42.37313354665942
              ],
              [
                -71.11824799824676,
                42.37320160648055
              ],
              [
                -71.11827798299777,
                42.373215426624476
              ],
              [
                -71.11830220280909,
                42.3732264830829
              ],
              [
                -71.11831673675822,
                42.37323270535891
              ],
              [
                -71.11851712336366,
                42.373295798166566
              ],
              [
                -71.11855374113944,
                42.37332198781015
              ],
              [
                -71.11938947175156,
                42.37346744782733
              ],
              [
                -71.11936214167137,
                42.37347353197343
              ],
              [
                -71.11928615327011,
                42.37349386067508
              ],
              [
                -71.11927826876217,
                42.37349726460819
              ],
              [
                -71.11924205464885,
                42.373519097450625
              ],
              [
                -71.11921115192422,
                42.37354231987493
              ],
              [
                -71.11918789898739,
                42.37356282359304
              ],
              [
                -71.11915948258412,
                42.37359565831219
              ],
              [
                -71.11908870606226,
                42.37371067501038
              ],
              [
                -71.11883528647485,
                42.37423395327251
              ],
              [
                -71.11874868146548,
                42.37436538195804
              ],
              [
                -71.11874090333855,
                42.37438936689665
              ],
              [
                -71.11872572422602,
                42.37445174413653
              ],
              [
                -71.11871751315489,
                42.37447092507398
              ],
              [
                -71.11870161904571,
                42.3744983131361
              ],
              [
                -71.11868688210113,
                42.374525705031566
              ],
              [
                -71.11868428823415,
                42.37453392902491
              ],
              [
                -71.11867955895619,
                42.37455106348436
              ],
              [
                -71.11859485465192,
                42.374942499129325
              ],
              [
                -71.11859076955729,
                42.37496786831013
              ],
              [
                -71.11856820787763,
                42.37510362519636
              ],
              [
                -71.11855957919131,
                42.37515367550229
              ],
              [
                -71.11854591121067,
                42.375233894384266
              ],
              [
                -71.11854375092916,
                42.37524692132231
              ],
              [
                -71.11849677343879,
                42.37544228073655
              ],
              [
                -71.11846663721431,
                42.375568408395345
              ],
              [
                -71.11839531648545,
                42.37565804010056
              ],
              [
                -71.11834735377803,
                42.375710018440415
              ],
              [
                -71.1182887339991,
                42.37576470541977
              ],
              [
                -71.1182336919749,
                42.37580156757942
              ],
              [
                -71.11817520868988,
                42.375833616253885
              ],
              [
                -71.11810631276286,
                42.37586631633715
              ],
              [
                -71.11804442272684,
                42.375888063556765
              ],
              [
                -71.11797190462391,
                42.37590771743322
              ],
              [
                -71.11788346830342,
                42.37592045781156
              ],
              [
                -71.11780038842416,
                42.375927041870966
              ],
              [
                -71.11771919280106,
                42.37592814408995
              ],
              [
                -71.11763988904072,
                42.37592239248717
              ],
              [
                -71.1175678562504,
                42.37601476533158
              ],
              [
                -71.11568183309248,
                42.37630895608378
              ],
              [
                -71.11565223428734,
                42.37630748518637
              ],
              [
                -71.1156443700786,
                42.37630745891151
              ],
              [
                -71.11562908270572,
                42.376310837860174
              ],
              [
                -71.11476218614213,
                42.37649247666704
              ],
              [
                -71.11423435516174,
                42.376603214846895
              ],
              [
                -71.11408079932235,
                42.376635628598315
              ],
              [
                -71.11394784939223,
                42.376664681270455
              ],
              [
                -71.11391843569282,
                42.37667075713285
              ],
              [
                -71.1138137435412,
                42.376693729908766
              ],
              [
                -71.11372642756018,
                42.37671195942487
              ],
              [
                -71.11273953945101,
                42.3769199347786
              ],
              [
                -71.11266195086826,
                42.3769361382172
              ],
              [
                -71.11259362275337,
                42.376951000778796
              ],
              [
                -71.11250120971366,
                42.37697058368585
              ],
              [
                -71.11233375639857,
                42.37700569231673
              ],
              [
                -71.1122462040514,
                42.3770246059197
              ],
              [
                -71.11149577484213,
                42.377183974478974
              ],
              [
                -71.11064367479361,
                42.377362888241706
              ],
              [
                -71.10954372233444,
                42.37759720822757
              ],
              [
                -71.10939317217037,
                42.37762893992695
              ],
              [
                -71.10930816738434,
                42.377647173941675
              ],
              [
                -71.10908928724221,
                42.37769376581012
              ],
              [
                -71.10830941885256,
                42.37786055963399
              ],
              [
                -71.10825961868734,
                42.37787136614936
              ],
              [
                -71.10814681402898,
                42.37789636469238
              ],
              [
                -71.1080307660352,
                42.37792203807959
              ],
              [
                -71.1079001279366,
                42.377950405644086
              ],
              [
                -71.10727541906581,
                42.37808753644032
              ],
              [
                -71.10727074160745,
                42.37808870151696
              ],
              [
                -71.10726818470793,
                42.378089338811556
              ]
            ]
          ]
        ]
      },
      "properties": {
        "n_hood": "6",
        "name": "Mid-Cambridge",
        "webpage": "https://www.cambridgema.gov/CDD/planud/neighplan/neighs/6",
        "_feature_id": "4"
      }
    },
    {
      "type": "Feature",
      "geometry": {
        "type": "MultiPolygon",
        "coordinates": [
          [
            [
              [
                -71.11678655100094,
                42.36121050547657
              ],
              [
                -71.11664904732845,
                42.361252437662955
              ],
              [
                -71.11656668291054,
                42.361277554322044
              ],
              [
                -71.11596282250783,
                42.36146169957895
              ],
              [
                -71.11580992234451,
                42.36150646594929
              ],
              [
                -71.11543872911169,
                42.36162527934998
              ],
              [
                -71.11447912164148,
                42.361949984132806
              ],
              [
                -71.11430786629748,
                42.36200840765769
              ],
              [
                -71.1141771725352,
                42.36205187483806
              ],
              [
                -71.1137781261703,
                42.36218636709298
              ],
              [
                -71.11354689575651,
                42.36225762273824
              ],
              [
                -71.11335868696533,
                42.362327650013064
              ],
              [
                -71.11236105602566,
                42.36266455797555
              ],
              [
                -71.11224681199523,
                42.36270259034564
              ],
              [
                -71.11168391904803,
                42.36289209049917
              ],
              [
                -71.11159423809497,
                42.36292197253436
              ],
              [
                -71.11148370158766,
                42.362958644652736
              ],
              [
                -71.11121303000348,
                42.363049656590434
              ],
              [
                -71.11103900700653,
                42.36310600787568
              ],
              [
                -71.11098802540447,
                42.36312298563937
              ],
              [
                -71.11085940761816,
                42.363166456075774
              ],
              [
                -71.11063762705669,
                42.3632418538968
              ],
              [
                -71.11052107264891,
                42.363279190199826
              ],
              [
                -71.11033496761532,
                42.36334441760383
              ],
              [
                -71.10978016979352,
                42.363531878380876
              ],
              [
                -71.10969488931765,
                42.36356040185175
              ],
              [
                -71.10956743096875,
                42.36360318824612
              ],
              [
                -71.10895771033825,
                42.36380829479977
              ],
              [
                -71.10884090991108,
                42.363847687114315
              ],
              [
                -71.10868262490827,
                42.36390134433152
              ],
              [
                -71.10839524817435,
                42.36399983889104
              ],
              [
                -71.10812552246223,
                42.364086044740056
              ],
              [
                -71.10770786483093,
                42.36423417322217
              ],
              [
                -71.10751344588468,
                42.36429662420547
              ],
              [
                -71.10747544252798,
                42.36430884264883
              ],
              [
                -71.10734404980703,
                42.36435161368129
              ],
              [
                -71.1071313005091,
                42.36442360501786
              ],
              [
                -71.10680568836922,
                42.364533627653834
              ],
              [
                -71.10668749345695,
                42.36457369849846
              ],
              [
                -71.10655933228036,
                42.36461716569363
              ],
              [
                -71.10629211608975,
                42.36470817788499
              ],
              [
                -71.10597321534806,
                42.364816849125546
              ],
              [
                -71.10590990166386,
                42.36484544504533
              ],
              [
                -71.10580692590018,
                42.36489242773151
              ],
              [
                -71.10570418979766,
                42.36493803860623
              ],
              [
                -71.10554709017289,
                42.36502325244385
              ],
              [
                -71.10552715057304,
                42.365031416148085
              ],
              [
                -71.10539482928822,
                42.36507418177183
              ],
              [
                -71.1048779770928,
                42.36518011265126
              ],
              [
                -71.10477446483739,
                42.36520170924513
              ],
              [
                -71.10458318862585,
                42.3652415273106
              ],
              [
                -71.10456512822066,
                42.36524489525692
              ],
              [
                -71.10435580848456,
                42.365285336390606
              ],
              [
                -71.10432246773836,
                42.365291396291646
              ],
              [
                -71.1039909067717,
                42.365574266996475
              ],
              [
                -71.10375543488263,
                42.365432822406355
              ],
              [
                -71.10370773949705,
                42.36540453125355
              ],
              [
                -71.10361465715548,
                42.365348642850556
              ],
              [
                -71.10324417378605,
                42.365125780847855
              ],
              [
                -71.10317947687281,
                42.36507959410361
              ],
              [
                -71.10307146625543,
                42.36500718956908
              ],
              [
                -71.10287240884179,
                42.36488644902615
              ],
              [
                -71.10266501828578,
                42.36476705136084
              ],
              [
                -71.10256708499284,
                42.36471045932999
              ],
              [
                -71.1024346012277,
                42.36463179502467
              ],
              [
                -71.10231639966555,
                42.36456209804612
              ],
              [
                -71.10216432801332,
                42.364472389573905
              ],
              [
                -71.1020836887913,
                42.36442408955999
              ],
              [
                -71.10200350357613,
                42.36437716254889
              ],
              [
                -71.10172840207807,
                42.36421362330343
              ],
              [
                -71.10147218713462,
                42.36406249749684
              ],
              [
                -71.10131389561494,
                42.36396933629124
              ],
              [
                -71.10125283650177,
                42.36393345169424
              ],
              [
                -71.10119039496739,
                42.36389687573695
              ],
              [
                -71.10108996812902,
                42.36383272769661
              ],
              [
                -71.1008738356956,
                42.36370712235968
              ],
              [
                -71.10065770774524,
                42.36358083009175
              ],
              [
                -71.10053097972315,
                42.36350698612249
              ],
              [
                -71.1001664611872,
                42.36329511140784
              ],
              [
                -71.1001254449819,
                42.36327164401907
              ],
              [
                -71.09998235932702,
                42.36318813792696
              ],
              [
                -71.09989503880131,
                42.36313638254996
              ],
              [
                -71.0996800760598,
                42.3630094069868
              ],
              [
                -71.09958008426729,
                42.3629500611749
              ],
              [
                -71.09946719039024,
                42.362883123730526
              ],
              [
                -71.09914394814444,
                42.362691284215636
              ],
              [
                -71.09906929991708,
                42.362647118455406
              ],
              [
                -71.09804892321537,
                42.36203780074939
              ],
              [
                -71.09796161021947,
                42.36198535789829
              ],
              [
                -71.097555659194,
                42.361745889081845
              ],
              [
                -71.09744461084614,
                42.36168032861943
              ],
              [
                -71.09730983099257,
                42.36160096426836
              ],
              [
                -71.09711170280205,
                42.361482960874106
              ],
              [
                -71.09695320165537,
                42.36138842081733
              ],
              [
                -71.09688040208586,
                42.36134494609953
              ],
              [
                -71.09670623382847,
                42.361241432673665
              ],
              [
                -71.09656063546394,
                42.36115448340219
              ],
              [
                -71.09647539736886,
                42.361103418698924
              ],
              [
                -71.09619364389401,
                42.36093572660576
              ],
              [
                -71.09601256687353,
                42.36082807127831
              ],
              [
                -71.09578587827097,
                42.36069281502589
              ],
              [
                -71.09535093312091,
                42.360433341620926
              ],
              [
                -71.09569171692773,
                42.36026509287883
              ],
              [
                -71.09570424413195,
                42.36025896231436
              ],
              [
                -71.09571630813844,
                42.360252830646346
              ],
              [
                -71.09572837214259,
                42.36024669897705
              ],
              [
                -71.09574043614435,
                42.36024056730648
              ],
              [
                -71.09575113971178,
                42.36023031427571
              ],
              [
                -71.0957625319029,
                42.360220750198934
              ],
              [
                -71.0957739284741,
                42.360210500127906
              ],
              [
                -71.0957860150943,
                42.36020093796339
              ],
              [
                -71.09579810099808,
                42.360191376321204
              ],
              [
                -71.09581064499727,
                42.36018250229618
              ],
              [
                -71.09582342532957,
                42.36017294256576
              ],
              [
                -71.09583665866155,
                42.36016475696894
              ],
              [
                -71.09585012761383,
                42.36015588619004
              ],
              [
                -71.09586382413,
                42.36014770221775
              ],
              [
                -71.09587774679515,
                42.36014020452091
              ],
              [
                -71.09589213631766,
                42.36013202298038
              ],
              [
                -71.09590652216363,
                42.36012452743362
              ],
              [
                -71.09617681607486,
                42.359985528451276
              ],
              [
                -71.09708782321334,
                42.35953183352195
              ],
              [
                -71.09732374393275,
                42.35941535022575
              ],
              [
                -71.09806374378155,
                42.35905023138157
              ],
              [
                -71.09829874031786,
                42.35893305684682
              ],
              [
                -71.09874342166219,
                42.35871508223372
              ],
              [
                -71.09930315453781,
                42.35844056757249
              ],
              [
                -71.10042517598922,
                42.35788742185307
              ],
              [
                -71.1010999506639,
                42.357555672312095
              ],
              [
                -71.10223655201037,
                42.356995699403875
              ],
              [
                -71.10379180339967,
                42.35622998003196
              ],
              [
                -71.10461058680256,
                42.35582667344382
              ],
              [
                -71.10569378505332,
                42.355291865599
              ],
              [
                -71.10662896945345,
                42.35483268991079
              ],
              [
                -71.1073421943056,
                42.35447976845789
              ],
              [
                -71.10831193869538,
                42.3539994302779
              ],
              [
                -71.10832701037475,
                42.353992621522146
              ],
              [
                -71.10834208276017,
                42.353985812766766
              ],
              [
                -71.10835692746446,
                42.35397831669898
              ],
              [
                -71.10837154165274,
                42.35397082037033
              ],
              [
                -71.10838615512824,
                42.35396332403737
              ],
              [
                -71.10840076860033,
                42.353955827702535
              ],
              [
                -71.10841515156307,
                42.353948330054884
              ],
              [
                -71.10842953380983,
                42.35394083292902
              ],
              [
                -71.10844368908057,
                42.35393264901957
              ],
              [
                -71.10846550498357,
                42.353919688601955
              ],
              [
                -71.1084736230971,
                42.35391560018774
              ],
              [
                -71.10848824150224,
                42.3539074178496
              ],
              [
                -71.10850285919439,
                42.35389923550717
              ],
              [
                -71.108517476886,
                42.35389105263678
              ],
              [
                -71.10853186406165,
                42.35388286950593
              ],
              [
                -71.10854625476894,
                42.35387400037627
              ],
              [
                -71.10856041001284,
                42.353865815926284
              ],
              [
                -71.10857480142147,
                42.353856946795446
              ],
              [
                -71.1085887254366,
                42.353848762080965
              ],
              [
                -71.10860288562263,
                42.3538398916335
              ],
              [
                -71.10861681387415,
                42.353831020921064
              ],
              [
                -71.10863051090382,
                42.35382214941997
              ],
              [
                -71.10864420863892,
                42.35381327791965
              ],
              [
                -71.10865790566417,
                42.35380440588921
              ],
              [
                -71.1086713757077,
                42.3537948476018
              ],
              [
                -71.10868484221334,
                42.353785975309734
              ],
              [
                -71.10869831225207,
                42.353776416493055
              ],
              [
                -71.1087115510658,
                42.35376685741414
              ],
              [
                -71.10872455512433,
                42.35375798354391
              ],
              [
                -71.10873756271579,
                42.35374842314915
              ],
              [
                -71.1087505703,
                42.35373886327895
              ],
              [
                -71.10876103095342,
                42.353729980751204
              ],
              [
                -71.10918811443277,
                42.3533918521912
              ],
              [
                -71.10934683443415,
                42.35326341915597
              ],
              [
                -71.1094232912902,
                42.35320125098555
              ],
              [
                -71.10956404517361,
                42.353098826023064
              ],
              [
                -71.1097045469389,
                42.35299982955122
              ],
              [
                -71.11031723979222,
                42.35259160767731
              ],
              [
                -71.1103177330922,
                42.35259166353528
              ],
              [
                -71.11050938481125,
                42.35261342023121
              ],
              [
                -71.11062620891069,
                42.35262668221175
              ],
              [
                -71.1107325369703,
                42.35263875274482
              ],
              [
                -71.11178316051722,
                42.352758015290426
              ],
              [
                -71.11312872630917,
                42.35298520302432
              ],
              [
                -71.11327762313996,
                42.35304939431111
              ],
              [
                -71.11381850915434,
                42.353282573767515
              ],
              [
                -71.11384481141842,
                42.35329619656459
              ],
              [
                -71.11424330258016,
                42.35350259067773
              ],
              [
                -71.11501971381531,
                42.35394207175722
              ],
              [
                -71.1158302109045,
                42.35440083491121
              ],
              [
                -71.1162686311656,
                42.35481732968492
              ],
              [
                -71.11656404832515,
                42.35523500895163
              ],
              [
                -71.11682412160555,
                42.35560271251357
              ],
              [
                -71.11698357823452,
                42.355892092699
              ],
              [
                -71.11702780649829,
                42.355976429110015
              ],
              [
                -71.11706276432984,
                42.356249898276005
              ],
              [
                -71.11707145389659,
                42.35631787359888
              ],
              [
                -71.1170548510749,
                42.3563981780849
              ],
              [
                -71.1170219039729,
                42.35655753583645
              ],
              [
                -71.11699961543536,
                42.356665341670784
              ],
              [
                -71.11699277489807,
                42.356739035316245
              ],
              [
                -71.11695278216649,
                42.35716989519796
              ],
              [
                -71.11693231776857,
                42.35739036813979
              ],
              [
                -71.11680600306958,
                42.35778951023572
              ],
              [
                -71.11669052199638,
                42.358154413121106
              ],
              [
                -71.11668661210895,
                42.35818053678553
              ],
              [
                -71.11659688417365,
                42.35878003804884
              ],
              [
                -71.11655677772397,
                42.359010633426564
              ],
              [
                -71.11655610960022,
                42.35903695307027
              ],
              [
                -71.11654773869765,
                42.359366735027926
              ],
              [
                -71.11654651142022,
                42.359415086073035
              ],
              [
                -71.11656187523941,
                42.35957278179527
              ],
              [
                -71.1165702139651,
                42.35965836855579
              ],
              [
                -71.11662993853214,
                42.360271381978144
              ],
              [
                -71.11663930183875,
                42.36036748636051
              ],
              [
                -71.11665686857506,
                42.36054778501903
              ],
              [
                -71.11667334852888,
                42.36063200372526
              ],
              [
                -71.11674284526326,
                42.36098715538168
              ],
              [
                -71.11674508417818,
                42.360998596653424
              ],
              [
                -71.11675240777936,
                42.36103602320277
              ],
              [
                -71.1167608357095,
                42.36107909352885
              ],
              [
                -71.11677745906573,
                42.3611640418332
              ],
              [
                -71.11678655100094,
                42.36121050547657
              ]
            ]
          ]
        ]
      },
      "properties": {
        "n_hood": "5",
        "name": "Cambridgeport",
        "webpage": "https://www.cambridgema.gov/CDD/planud/neighplan/neighs/5",
        "_feature_id": "10"
      }
    },
    {
      "type": "Feature",
      "geometry": {
        "type": "MultiPolygon",
        "coordinates": [
          [
            [
              [
                -71.15626396675333,
                42.38063993178737
              ],
              [
                -71.15626524044511,
                42.38064358498259
              ],
              [
                -71.15603200358645,
                42.380560348125385
              ],
              [
                -71.15527012255428,
                42.38028844633978
              ],
              [
                -71.15506905280178,
                42.38021668713431
              ],
              [
                -71.15506616126875,
                42.38021565524676
              ],
              [
                -71.15501720033033,
                42.38034288515347
              ],
              [
                -71.15526872561414,
                42.38085501822832
              ],
              [
                -71.15530231303869,
                42.38091755146929
              ],
              [
                -71.15518934483315,
                42.38119428510021
              ],
              [
                -71.15539656170102,
                42.38135049031727
              ],
              [
                -71.1555696971273,
                42.3814810037367
              ],
              [
                -71.15618525831202,
                42.38160779483196
              ],
              [
                -71.15649089381449,
                42.3816783518355
              ],
              [
                -71.15656158802351,
                42.38170019828975
              ],
              [
                -71.15663052551062,
                42.38172057801837
              ],
              [
                -71.15758413613126,
                42.38206567251968
              ],
              [
                -71.15758193007083,
                42.382077850923096
              ],
              [
                -71.15756044288416,
                42.38219646863104
              ],
              [
                -71.15756340978412,
                42.38219775898263
              ],
              [
                -71.1577278262127,
                42.38226926584709
              ],
              [
                -71.15774347060335,
                42.382278431386595
              ],
              [
                -71.15775799431655,
                42.38228855893935
              ],
              [
                -71.15777129131702,
                42.38229957401375
              ],
              [
                -71.1577832627021,
                42.38231139530026
              ],
              [
                -71.1577938195342,
                42.3823239357323
              ],
              [
                -71.15780288497264,
                42.382337101966264
              ],
              [
                -71.15781039071133,
                42.38235079700143
              ],
              [
                -71.1578162819517,
                42.38236491914242
              ],
              [
                -71.15782051454995,
                42.382379364621215
              ],
              [
                -71.15782305786439,
                42.382394026027555
              ],
              [
                -71.15782803216278,
                42.382420373020885
              ],
              [
                -71.15783367388369,
                42.38244664571779
              ],
              [
                -71.15783998024068,
                42.38247283464052
              ],
              [
                -71.1578469491486,
                42.38249893189166
              ],
              [
                -71.15785457853643,
                42.38252492694338
              ],
              [
                -71.15786286490257,
                42.38255081136791
              ],
              [
                -71.15787180617025,
                42.38257657568961
              ],
              [
                -71.1578813988407,
                42.38260221095457
              ],
              [
                -71.1578916394151,
                42.38262770820901
              ],
              [
                -71.15790252439466,
                42.382653058499024
              ],
              [
                -71.15791404957382,
                42.38267825234255
              ],
              [
                -71.15792621145087,
                42.382703281311805
              ],
              [
                -71.1579390051077,
                42.38272813644867
              ],
              [
                -71.15795242704553,
                42.382752808799225
              ],
              [
                -71.15796647163373,
                42.38277728992932
              ],
              [
                -71.15798113466379,
                42.38280157088286
              ],
              [
                -71.15799640979273,
                42.382825643749726
              ],
              [
                -71.15801229281192,
                42.38284949957386
              ],
              [
                -71.15802877738395,
                42.38287312939283
              ],
              [
                -71.15820313743805,
                42.383121494426206
              ],
              [
                -71.15839934827525,
                42.383400980934596
              ],
              [
                -71.15843656735956,
                42.38345791602662
              ],
              [
                -71.15879763056707,
                42.38401024151717
              ],
              [
                -71.15898116772597,
                42.384292172977
              ],
              [
                -71.15917460249872,
                42.38458930440703
              ],
              [
                -71.15970830521968,
                42.38540909984386
              ],
              [
                -71.15979260037284,
                42.38553858007478
              ],
              [
                -71.1599990225616,
                42.38585564721213
              ],
              [
                -71.16004702365105,
                42.38592937646812
              ],
              [
                -71.16021327686445,
                42.38618474106613
              ],
              [
                -71.16022803818201,
                42.386207413787425
              ],
              [
                -71.16032619595119,
                42.38635818271421
              ],
              [
                -71.16039328356675,
                42.38646122741494
              ],
              [
                -71.16039525851305,
                42.386464261333465
              ],
              [
                -71.16015085536256,
                42.386500171363984
              ],
              [
                -71.15966825679439,
                42.38657107760412
              ],
              [
                -71.1594363253592,
                42.38660515333658
              ],
              [
                -71.15932961914501,
                42.38662083065763
              ],
              [
                -71.1590298652204,
                42.38666487009085
              ],
              [
                -71.15892637104817,
                42.386680075198136
              ],
              [
                -71.15888739728493,
                42.38668580119885
              ],
              [
                -71.15854756384579,
                42.3867357272734
              ],
              [
                -71.15853276959969,
                42.38673790077546
              ],
              [
                -71.15849562809008,
                42.386743357470074
              ],
              [
                -71.15849301383048,
                42.3867437416367
              ],
              [
                -71.15834949209054,
                42.386782597596905
              ],
              [
                -71.15832603183225,
                42.386788948680916
              ],
              [
                -71.15822468951174,
                42.386849469884986
              ],
              [
                -71.15819577836496,
                42.38686673501659
              ],
              [
                -71.15818167199103,
                42.38687515923911
              ],
              [
                -71.15816722459425,
                42.386883787089985
              ],
              [
                -71.15816268241629,
                42.38688649971734
              ],
              [
                -71.15815733712743,
                42.38689022475758
              ],
              [
                -71.15814967107998,
                42.386895567422854
              ],
              [
                -71.15814745859808,
                42.38689710908881
              ],
              [
                -71.15813503278932,
                42.386905768719714
              ],
              [
                -71.1581350299394,
                42.38690577081553
              ],
              [
                -71.15813451051694,
                42.38690537050718
              ],
              [
                -71.1581312692467,
                42.38690293882602
              ],
              [
                -71.15749005041545,
                42.38642187136589
              ],
              [
                -71.1574815057827,
                42.38641910192039
              ],
              [
                -71.15678234325128,
                42.38587163660047
              ],
              [
                -71.15643551519605,
                42.3857093882864
              ],
              [
                -71.15617509016154,
                42.38561188190248
              ],
              [
                -71.15615798631006,
                42.38560908677958
              ],
              [
                -71.15603492904467,
                42.38556344227364
              ],
              [
                -71.15579759063097,
                42.38551745528041
              ],
              [
                -71.15563070560707,
                42.38549088728426
              ],
              [
                -71.15547250747636,
                42.385483553653145
              ],
              [
                -71.15531407430878,
                42.38547690510276
              ],
              [
                -71.15524539653885,
                42.38547121079018
              ],
              [
                -71.15487231998324,
                42.38541452503869
              ],
              [
                -71.15233455428262,
                42.384520553410894
              ],
              [
                -71.15128174665553,
                42.384056364969396
              ],
              [
                -71.15066450583831,
                42.38351802824464
              ],
              [
                -71.14916161534406,
                42.38254205694883
              ],
              [
                -71.14848862814179,
                42.38221688946317
              ],
              [
                -71.14793413176899,
                42.38200870331422
              ],
              [
                -71.14757811195548,
                42.38180180810118
              ],
              [
                -71.14706373540187,
                42.381535429269746
              ],
              [
                -71.14650941004302,
                42.38129842404403
              ],
              [
                -71.14623257739883,
                42.3811212670879
              ],
              [
                -71.1454507576494,
                42.380821129579964
              ],
              [
                -71.14546121307416,
                42.38081292923244
              ],
              [
                -71.1457794988074,
                42.380568316175136
              ],
              [
                -71.14609128221817,
                42.38032779772408
              ],
              [
                -71.14637496295951,
                42.380107087200834
              ],
              [
                -71.14664769260895,
                42.379900061884705
              ],
              [
                -71.14665977841815,
                42.37988980895018
              ],
              [
                -71.14667186039067,
                42.37988024200626
              ],
              [
                -71.14668394690463,
                42.37986998854526
              ],
              [
                -71.1466962601833,
                42.37986042230908
              ],
              [
                -71.14670834214469,
                42.37985085536127
              ],
              [
                -71.14672042793761,
                42.37984060189421
              ],
              [
                -71.14673251060105,
                42.37983103494593
              ],
              [
                -71.14674459638333,
                42.37982078200237
              ],
              [
                -71.14675644701934,
                42.37981121381304
              ],
              [
                -71.14676853350343,
                42.37980096086905
              ],
              [
                -71.14678061544252,
                42.379791393913514
              ],
              [
                -71.14679270121236,
                42.379781140438716
              ],
              [
                -71.14680455254023,
                42.37977157277258
              ],
              [
                -71.14681663829946,
                42.3797613198213
              ],
              [
                -71.14682849274443,
                42.37975106563254
              ],
              [
                -71.1468405753745,
                42.379741498672786
              ],
              [
                -71.14685242981187,
                42.37973124448151
              ],
              [
                -71.14686428041185,
                42.37972167680693
              ],
              [
                -71.14687636615186,
                42.37971142384925
              ],
              [
                -71.14688822128736,
                42.379701169656414
              ],
              [
                -71.14690007187623,
                42.379691601978095
              ],
              [
                -71.14691192629174,
                42.37968134830665
              ],
              [
                -71.14692378141584,
                42.37967109411006
              ],
              [
                -71.14693563199374,
                42.37966152642806
              ],
              [
                -71.14694748639778,
                42.379651272752895
              ],
              [
                -71.14695934151054,
                42.379641018552554
              ],
              [
                -71.14697096076459,
                42.379631450156985
              ],
              [
                -71.14698281515734,
                42.37962119647808
              ],
              [
                -71.14699467025866,
                42.379610942274056
              ],
              [
                -71.14700629333099,
                42.37960068788295
              ],
              [
                -71.14701814388322,
                42.37959112019224
              ],
              [
                -71.14702976695104,
                42.37958086527264
              ],
              [
                -71.14704139072171,
                42.379570610880066
              ],
              [
                -71.14705324509455,
                42.37956035666772
              ],
              [
                -71.14725720792323,
                42.379364096014235
              ],
              [
                -71.1472679101993,
                42.37935315224333
              ],
              [
                -71.14727861175922,
                42.37934220899525
              ],
              [
                -71.14728908200664,
                42.379331264510895
              ],
              [
                -71.14729978355919,
                42.37932032126081
              ],
              [
                -71.14731025450595,
                42.37930937730272
              ],
              [
                -71.14732072474251,
                42.379298432815425
              ],
              [
                -71.14733119497247,
                42.379287488853215
              ],
              [
                -71.14734166519884,
                42.379276544890025
              ],
              [
                -71.1473521399594,
                42.379264914409994
              ],
              [
                -71.14736237886696,
                42.37925396973582
              ],
              [
                -71.14737284908527,
                42.379243025243625
              ],
              [
                -71.14738308798576,
                42.37923208056755
              ],
              [
                -71.14739332759223,
                42.37922113589269
              ],
              [
                -71.1474035703133,
                42.37920950469667
              ],
              [
                -71.14741380920299,
                42.37919856001777
              ],
              [
                -71.14742381749048,
                42.379187614105184
              ],
              [
                -71.1474340601976,
                42.37917598343243
              ],
              [
                -71.1474440677655,
                42.37916503804187
              ],
              [
                -71.14745407915713,
                42.37915340613234
              ],
              [
                -71.14746408742758,
                42.37914246074215
              ],
              [
                -71.147474094985,
                42.3791315153489
              ],
              [
                -71.14748387505489,
                42.379119882727906
              ],
              [
                -71.14749365511827,
                42.379108250632115
              ],
              [
                -71.14750366337763,
                42.3790973047123
              ],
              [
                -71.14751344343387,
                42.3790856726148
              ],
              [
                -71.14752321966296,
                42.37907472650842
              ],
              [
                -71.14753276840435,
                42.379063093174366
              ],
              [
                -71.14754254915948,
                42.37905146107642
              ],
              [
                -71.14755209407058,
                42.37904051373279
              ],
              [
                -71.14756164279854,
                42.37902888092236
              ],
              [
                -71.147571191523,
                42.37901724811109
              ],
              [
                -71.14758074095637,
                42.379005614775124
              ],
              [
                -71.14759028585104,
                42.37899466795427
              ],
              [
                -71.14759960325753,
                42.378983033905904
              ],
              [
                -71.14760915196808,
                42.378971401091405
              ],
              [
                -71.1476184700743,
                42.37895976756971
              ],
              [
                -71.14762778747051,
                42.37894813351897
              ],
              [
                -71.14763710486032,
                42.37893649999356
              ],
              [
                -71.14764618711735,
                42.37892555122484
              ],
              [
                -71.14765550450043,
                42.378913917697865
              ],
              [
                -71.14766459127955,
                42.37890228346383
              ],
              [
                -71.14767344603861,
                42.378890647992435
              ],
              [
                -71.14768253210158,
                42.378879013754776
              ],
              [
                -71.14769138685408,
                42.37886737828194
              ],
              [
                -71.14770001099997,
                42.378855742628275
              ],
              [
                -71.14770886574605,
                42.378844107154
              ],
              [
                -71.14771749299736,
                42.37883178550475
              ],
              [
                -71.14772611642408,
                42.37882014984686
              ],
              [
                -71.14773473985055,
                42.37880851366223
              ],
              [
                -71.14774313267075,
                42.37879687729689
              ],
              [
                -71.14775152860224,
                42.378784554410636
              ],
              [
                -71.14775992070656,
                42.37877291804182
              ],
              [
                -71.14776808149826,
                42.37876128096417
              ],
              [
                -71.1477762468201,
                42.37874895736995
              ],
              [
                -71.1477844076057,
                42.37873732029107
              ],
              [
                -71.14779234090224,
                42.3787249959853
              ],
              [
                -71.14780050168179,
                42.378713358905216
              ],
              [
                -71.14780843497219,
                42.37870103459827
              ],
              [
                -71.14781613765679,
                42.37868871011088
              ],
              [
                -71.14782383580864,
                42.37867707161281
              ],
              [
                -71.1478315377807,
                42.378664746596066
              ],
              [
                -71.14783923974689,
                42.3786524221048
              ],
              [
                -71.147846937893,
                42.378640783079085
              ],
              [
                -71.14785440925358,
                42.37862845788085
              ],
              [
                -71.1478616485927,
                42.37861613197195
              ],
              [
                -71.14786911924095,
                42.37860380624447
              ],
              [
                -71.14787635857438,
                42.37859148033459
              ],
              [
                -71.1478835979079,
                42.37857915389815
              ],
              [
                -71.14789060592675,
                42.37856682727925
              ],
              [
                -71.14789784596424,
                42.378554500844004
              ],
              [
                -71.14790485397762,
                42.37854217422419
              ],
              [
                -71.14791163067946,
                42.37852984689606
              ],
              [
                -71.14791863869037,
                42.378517519749295
              ],
              [
                -71.1482846485462,
                42.37784016888748
              ],
              [
                -71.14922466693923,
                42.37609644119352
              ],
              [
                -71.14939013389555,
                42.37578960996616
              ],
              [
                -71.14995494918757,
                42.3747719640029
              ],
              [
                -71.15005111153489,
                42.37459870221484
              ],
              [
                -71.15006017594699,
                42.37459976616087
              ],
              [
                -71.1502828390546,
                42.37462590962298
              ],
              [
                -71.15031487484279,
                42.374638568149045
              ],
              [
                -71.150347901522,
                42.374649740880244
              ],
              [
                -71.15038179232674,
                42.37465938481816
              ],
              [
                -71.1504164197469,
                42.37466746327528
              ],
              [
                -71.15080627036508,
                42.37473201593379
              ],
              [
                -71.15087177659774,
                42.37474286255767
              ],
              [
                -71.15106200388072,
                42.37476080763452
              ],
              [
                -71.15109703583855,
                42.374765417636034
              ],
              [
                -71.15113209394394,
                42.374769918808205
              ],
              [
                -71.1511671774873,
                42.37477431114888
              ],
              [
                -71.15120228505224,
                42.37477859412774
              ],
              [
                -71.15123741663871,
                42.374782767744605
              ],
              [
                -71.15127257153696,
                42.37478683199748
              ],
              [
                -71.15130774903733,
                42.374790786884084
              ],
              [
                -71.15134294913678,
                42.3747946329305
              ],
              [
                -71.15136902668908,
                42.374797398639515
              ],
              [
                -71.1513781704248,
                42.37479836855413
              ],
              [
                -71.15141341218309,
                42.374801995331154
              ],
              [
                -71.15144867441713,
                42.374805512209306
              ],
              [
                -71.15148395641448,
                42.374808919712486
              ],
              [
                -71.15151925676174,
                42.374812216784306
              ],
              [
                -71.15155457616234,
                42.37481540447899
              ],
              [
                -71.15158991248775,
                42.37481848279007
              ],
              [
                -71.15162526645292,
                42.374821450667575
              ],
              [
                -71.15166104249018,
                42.374825207349396
              ],
              [
                -71.15169682436411,
                42.37482893562956
              ],
              [
                -71.15173261137092,
                42.37483263445383
              ],
              [
                -71.15176840421721,
                42.37483630435039
              ],
              [
                -71.151804201481,
                42.37483994584103
              ],
              [
                -71.15184000529656,
                42.37484355788001
              ],
              [
                -71.15187581353244,
                42.374847140987
              ],
              [
                -71.15191162760759,
                42.37485069516623
              ],
              [
                -71.15194744610295,
                42.37485422041352
              ],
              [
                -71.15198327044037,
                42.37485771620696
              ],
              [
                -71.15201909990452,
                42.374861183596586
              ],
              [
                -71.1520549337917,
                42.374864621528125
              ],
              [
                -71.15237544166901,
                42.37489621133968
              ],
              [
                -71.1526051947952,
                42.37491885595217
              ],
              [
                -71.1526141148609,
                42.3749197351338
              ],
              [
                -71.15264366867122,
                42.37492257996714
              ],
              [
                -71.15267337531571,
                42.37492433890559
              ],
              [
                -71.15267955876472,
                42.37492406402413
              ],
              [
                -71.15268568967117,
                42.37492340863014
              ],
              [
                -71.15269172543934,
                42.37492237732974
              ],
              [
                -71.15269762487777,
                42.374920977363594
              ],
              [
                -71.1527033474933,
                42.37491921807892
              ],
              [
                -71.15270885206269,
                42.374917112503205
              ],
              [
                -71.15271410161715,
                42.37491467420285
              ],
              [
                -71.15271905916451,
                42.37491192095283
              ],
              [
                -71.15273320330154,
                42.37491358133782
              ],
              [
                -71.15312802378656,
                42.374949641429
              ],
              [
                -71.1543823028389,
                42.375064190017035
              ],
              [
                -71.1544243010469,
                42.37522320926393
              ],
              [
                -71.15443614327054,
                42.375268048691915
              ],
              [
                -71.15446160800927,
                42.37536446667268
              ],
              [
                -71.15448769438348,
                42.3754424385794
              ],
              [
                -71.1544947125193,
                42.375463415925054
              ],
              [
                -71.15450300261739,
                42.37548819641651
              ],
              [
                -71.15451362094672,
                42.37551993389923
              ],
              [
                -71.15456134559707,
                42.37566258298582
              ],
              [
                -71.15460846728132,
                42.37580343000247
              ],
              [
                -71.15462369332138,
                42.375848939790366
              ],
              [
                -71.15465760955193,
                42.37595031505569
              ],
              [
                -71.15468766944282,
                42.37604016291452
              ],
              [
                -71.15475650215022,
                42.3762459008193
              ],
              [
                -71.15483286540055,
                42.37647414525536
              ],
              [
                -71.15510580454449,
                42.377289926945
              ],
              [
                -71.15514121218355,
                42.3773957555299
              ],
              [
                -71.15514977926173,
                42.37742136168056
              ],
              [
                -71.15517207981492,
                42.37748801455397
              ],
              [
                -71.15522603015746,
                42.37764926086888
              ],
              [
                -71.1552802823706,
                42.377811410803474
              ],
              [
                -71.15533441897796,
                42.37797321209666
              ],
              [
                -71.15533579506409,
                42.37797732592841
              ],
              [
                -71.15533885710926,
                42.37798611058288
              ],
              [
                -71.15536467600788,
                42.37806017847537
              ],
              [
                -71.15537249147575,
                42.378082600117196
              ],
              [
                -71.15543187443888,
                42.378252955288936
              ],
              [
                -71.15544466068295,
                42.378289635330724
              ],
              [
                -71.15549207721075,
                42.378425661808365
              ],
              [
                -71.155539442943,
                42.37856154186034
              ],
              [
                -71.15557729977526,
                42.37867014108815
              ],
              [
                -71.15561128208712,
                42.37876762743948
              ],
              [
                -71.1556712140667,
                42.378939554438354
              ],
              [
                -71.15567342456211,
                42.37894589606509
              ],
              [
                -71.15569425035282,
                42.37900563806734
              ],
              [
                -71.15571321220193,
                42.37906003323427
              ],
              [
                -71.15572765176125,
                42.37910145550147
              ],
              [
                -71.15573777650825,
                42.37913050048412
              ],
              [
                -71.15581866234857,
                42.379362535380984
              ],
              [
                -71.15591883236542,
                42.37964988745504
              ],
              [
                -71.15602783858053,
                42.37996258378111
              ],
              [
                -71.15609725094258,
                42.380161698581524
              ],
              [
                -71.15610378278497,
                42.3801804353695
              ],
              [
                -71.15613931846966,
                42.38028237203884
              ],
              [
                -71.15619455683775,
                42.3804408265892
              ],
              [
                -71.15622872830028,
                42.38053884934967
              ],
              [
                -71.15623632570619,
                42.3805606416057
              ],
              [
                -71.15624829612788,
                42.380594979111855
              ],
              [
                -71.15626187282021,
                42.38063392458137
              ],
              [
                -71.15626294598775,
                42.380637003228486
              ],
              [
                -71.15626396675333,
                42.38063993178737
              ]
            ]
          ]
        ]
      },
      "properties": {
        "n_hood": "13",
        "name": "Strawberry Hill",
        "webpage": "https://www.cambridgema.gov/CDD/planud/neighplan/neighs/13",
        "_feature_id": "7"
      }
    },
    {
      "type": "Feature",
      "geometry": {
        "type": "MultiPolygon",
        "coordinates": [
          [
            [
              [
                -71.07808800721602,
                42.357990309968926
              ],
              [
                -71.07808829953314,
                42.35798966027923
              ],
              [
                -71.07808914985087,
                42.35798776950734
              ],
              [
                -71.07958438917447,
                42.3575611913429
              ],
              [
                -71.08045755187429,
                42.357333769816826
              ],
              [
                -71.08120744421136,
                42.35713293287406
              ],
              [
                -71.08280734553972,
                42.356682256979354
              ],
              [
                -71.08624807786026,
                42.35571163583099
              ],
              [
                -71.08790534431328,
                42.35524377271384
              ],
              [
                -71.08871194322839,
                42.35501605060073
              ],
              [
                -71.0897586273871,
                42.354720535989735
              ],
              [
                -71.09085338475391,
                42.35452851363328
              ],
              [
                -71.09126858470474,
                42.354455684326034
              ],
              [
                -71.09213155532075,
                42.35430430619059
              ],
              [
                -71.09351310536634,
                42.35406194671088
              ],
              [
                -71.09463935505511,
                42.35386435956571
              ],
              [
                -71.09635679520385,
                42.35356303211309
              ],
              [
                -71.09736211585225,
                42.35338663362272
              ],
              [
                -71.09795859050958,
                42.3533092712606
              ],
              [
                -71.09856460693722,
                42.35323066810647
              ],
              [
                -71.0985975028259,
                42.3532264012093
              ],
              [
                -71.09907804367296,
                42.353161784543666
              ],
              [
                -71.09920335208689,
                42.35314493433402
              ],
              [
                -71.09992085563779,
                42.353073572123456
              ],
              [
                -71.10000139999758,
                42.35306556128136
              ],
              [
                -71.10000141490178,
                42.35306555975496
              ],
              [
                -71.10080804505205,
                42.35295627643582
              ],
              [
                -71.10239653538859,
                42.35287039631486
              ],
              [
                -71.1032107698696,
                42.352826367518986
              ],
              [
                -71.10470473476076,
                42.35274556690665
              ],
              [
                -71.10633079877447,
                42.352657599434146
              ],
              [
                -71.10704653392366,
                42.352618872143495
              ],
              [
                -71.10713616544942,
                42.35261402174907
              ],
              [
                -71.10723259088354,
                42.352604955331486
              ],
              [
                -71.10757239003073,
                42.352573003902606
              ],
              [
                -71.10846129576628,
                42.352551139257116
              ],
              [
                -71.10870708702244,
                42.35254633260745
              ],
              [
                -71.10901523169726,
                42.35254030546114
              ],
              [
                -71.10972073784542,
                42.35252650348668
              ],
              [
                -71.10974038595366,
                42.352526118791346
              ],
              [
                -71.10991143639575,
                42.35254553810902
              ],
              [
                -71.11009691734657,
                42.35256659539064
              ],
              [
                -71.11031314810455,
                42.352591142960634
              ],
              [
                -71.11031723979222,
                42.35259160767731
              ],
              [
                -71.11031222888272,
                42.35259494656499
              ],
              [
                -71.1103035708928,
                42.352600715159426
              ],
              [
                -71.11023966893723,
                42.35264329156516
              ],
              [
                -71.1097045469389,
                42.35299982955122
              ],
              [
                -71.10956404517361,
                42.353098826023064
              ],
              [
                -71.1094232912902,
                42.35320125098555
              ],
              [
                -71.10934683443415,
                42.35326341915597
              ],
              [
                -71.10918811443277,
                42.3533918521912
              ],
              [
                -71.10876103095342,
                42.353729980751204
              ],
              [
                -71.1087505703,
                42.35373886327895
              ],
              [
                -71.10873756271579,
                42.35374842314915
              ],
              [
                -71.10872455512433,
                42.35375798354391
              ],
              [
                -71.1087115510658,
                42.35376685741414
              ],
              [
                -71.10869831225207,
                42.353776416493055
              ],
              [
                -71.10868484221334,
                42.353785975309734
              ],
              [
                -71.1086713757077,
                42.3537948476018
              ],
              [
                -71.10865790566417,
                42.35380440588921
              ],
              [
                -71.10864420863892,
                42.35381327791965
              ],
              [
                -71.10863051090382,
                42.35382214941997
              ],
              [
                -71.10861681387415,
                42.353831020921064
              ],
              [
                -71.10860288562263,
                42.3538398916335
              ],
              [
                -71.1085887254366,
                42.353848762080965
              ],
              [
                -71.10857480142147,
                42.353856946795446
              ],
              [
                -71.10856041001284,
                42.353865815926284
              ],
              [
                -71.10854625476894,
                42.35387400037627
              ],
              [
                -71.10853186406165,
                42.35388286950593
              ],
              [
                -71.108517476886,
                42.35389105263678
              ],
              [
                -71.10850285919439,
                42.35389923550717
              ],
              [
                -71.10848824150224,
                42.3539074178496
              ],
              [
                -71.1084736230971,
                42.35391560018774
              ],
              [
                -71.10846550498357,
                42.353919688601955
              ],
              [
                -71.10844368908057,
                42.35393264901957
              ],
              [
                -71.10842953380983,
                42.35394083292902
              ],
              [
                -71.10841515156307,
                42.353948330054884
              ],
              [
                -71.10840076860033,
                42.353955827702535
              ],
              [
                -71.10838615512824,
                42.35396332403737
              ],
              [
                -71.10837154165274,
                42.35397082037033
              ],
              [
                -71.10835692746446,
                42.35397831669898
              ],
              [
                -71.10834208276017,
                42.353985812766766
              ],
              [
                -71.10832701037475,
                42.353992621522146
              ],
              [
                -71.10831193869538,
                42.3539994302779
              ],
              [
                -71.1073421943056,
                42.35447976845789
              ],
              [
                -71.10662896945345,
                42.35483268991079
              ],
              [
                -71.10569378505332,
                42.355291865599
              ],
              [
                -71.10461058680256,
                42.35582667344382
              ],
              [
                -71.10379180339967,
                42.35622998003196
              ],
              [
                -71.10223655201037,
                42.356995699403875
              ],
              [
                -71.1010999506639,
                42.357555672312095
              ],
              [
                -71.10042517598922,
                42.35788742185307
              ],
              [
                -71.09930315453781,
                42.35844056757249
              ],
              [
                -71.09874342166219,
                42.35871508223372
              ],
              [
                -71.09829874031786,
                42.35893305684682
              ],
              [
                -71.09806374378155,
                42.35905023138157
              ],
              [
                -71.09732374393275,
                42.35941535022575
              ],
              [
                -71.09708782321334,
                42.35953183352195
              ],
              [
                -71.09617681607486,
                42.359985528451276
              ],
              [
                -71.09590652216363,
                42.36012452743362
              ],
              [
                -71.09589213631766,
                42.36013202298038
              ],
              [
                -71.09587774679515,
                42.36014020452091
              ],
              [
                -71.09586382413,
                42.36014770221775
              ],
              [
                -71.09585012761383,
                42.36015588619004
              ],
              [
                -71.09583665866155,
                42.36016475696894
              ],
              [
                -71.09582342532957,
                42.36017294256576
              ],
              [
                -71.09581064499727,
                42.36018250229618
              ],
              [
                -71.09579810099808,
                42.360191376321204
              ],
              [
                -71.0957860150943,
                42.36020093796339
              ],
              [
                -71.0957739284741,
                42.360210500127906
              ],
              [
                -71.0957625319029,
                42.360220750198934
              ],
              [
                -71.09575113971178,
                42.36023031427571
              ],
              [
                -71.09574043614435,
                42.36024056730648
              ],
              [
                -71.09572837214259,
                42.36024669897705
              ],
              [
                -71.09571630813844,
                42.360252830646346
              ],
              [
                -71.09570424413195,
                42.36025896231436
              ],
              [
                -71.09569171692773,
                42.36026509287883
              ],
              [
                -71.09535093312091,
                42.360433341620926
              ],
              [
                -71.09491410854645,
                42.360648586229935
              ],
              [
                -71.0949085411489,
                42.360651310654255
              ],
              [
                -71.09419216677757,
                42.36100483041626
              ],
              [
                -71.0940478723054,
                42.361075667120446
              ],
              [
                -71.09290394328848,
                42.36163759118988
              ],
              [
                -71.09149923366905,
                42.362327549613894
              ],
              [
                -71.091264211928,
                42.36244471016575
              ],
              [
                -71.09124982571363,
                42.36245220513047
              ],
              [
                -71.09123520824318,
                42.36245969979755
              ],
              [
                -71.09122081687953,
                42.362467880748646
              ],
              [
                -71.09120642622158,
                42.36247606170045
              ],
              [
                -71.09119203928384,
                42.362483556655334
              ],
              [
                -71.09117787986462,
                42.36249173895156
              ],
              [
                -71.09116372044507,
                42.362499920719976
              ],
              [
                -71.09114956031254,
                42.36250810248412
              ],
              [
                -71.09113563213185,
                42.36251628559714
              ],
              [
                -71.09112147270133,
                42.3625244673603
              ],
              [
                -71.09110777062277,
                42.36253333675604
              ],
              [
                -71.09109384243445,
                42.36254151933789
              ],
              [
                -71.09108014105422,
                42.36255038925885
              ],
              [
                -71.09106644339897,
                42.362558572657015
              ],
              [
                -71.09105274201461,
                42.36256744204868
              ],
              [
                -71.09103927116334,
                42.36257631278449
              ],
              [
                -71.09102580102109,
                42.3625851829951
              ],
              [
                -71.09101233087506,
                42.36259405320414
              ],
              [
                -71.09099909126235,
                42.362602924757525
              ],
              [
                -71.09098585235866,
                42.36261179578577
              ],
              [
                -71.09097261345123,
                42.362620666812504
              ],
              [
                -71.09095937382739,
                42.36262953836125
              ],
              [
                -71.09094636172647,
                42.36263909619987
              ],
              [
                -71.09093358530782,
                42.36264796886699
              ],
              [
                -71.09092034123645,
                42.36265752640369
              ],
              [
                -71.09090732912387,
                42.36266708423788
              ],
              [
                -71.0908940857573,
                42.362676641247965
              ],
              [
                -71.09088107292403,
                42.36268619960267
              ],
              [
                -71.09086828761293,
                42.36269644424751
              ],
              [
                -71.09085527548451,
                42.362706002075676
              ],
              [
                -71.09084249388958,
                42.36271556124858
              ],
              [
                -71.0908297085663,
                42.36272580588906
              ],
              [
                -71.09081715892664,
                42.362735365358276
              ],
              [
                -71.09080437288246,
                42.36274561051939
              ],
              [
                -71.09079182323505,
                42.36275516998583
              ],
              [
                -71.09077926914595,
                42.36276541544334
              ],
              [
                -71.09076694559047,
                42.36277566224584
              ],
              [
                -71.09075462274379,
                42.362785908523435
              ],
              [
                -71.09074230433139,
                42.36279546880719
              ],
              [
                -71.09072998147344,
                42.36280571560821
              ],
              [
                -71.09071765790559,
                42.36281596187925
              ],
              [
                -71.09070556629369,
                42.362826208974404
              ],
              [
                -71.0906934746745,
                42.36283645659436
              ],
              [
                -71.0906813779065,
                42.36284738967692
              ],
              [
                -71.09066951753009,
                42.3628576381173
              ],
              [
                -71.09065765715329,
                42.362867886030365
              ],
              [
                -71.0906457960632,
                42.36287813393965
              ],
              [
                -71.09063416248672,
                42.362889069191866
              ],
              [
                -71.09062230209824,
                42.362899317101196
              ],
              [
                -71.09061066780782,
                42.3629102518224
              ],
              [
                -71.09059926991017,
                42.36292050190166
              ],
              [
                -71.09058763632126,
                42.36293143662301
              ],
              [
                -71.09057623841942,
                42.36294168617388
              ],
              [
                -71.090564835361,
                42.362952622239575
              ],
              [
                -71.09055366426249,
                42.36296355860384
              ],
              [
                -71.09054226190548,
                42.362974494669814
              ],
              [
                -71.0905310900899,
                42.36298543102932
              ],
              [
                -71.09052015023101,
                42.36299636821356
              ],
              [
                -71.09050897911366,
                42.36300730509946
              ],
              [
                -71.09049803924718,
                42.363018242281534
              ],
              [
                -71.09048709866416,
                42.363029179986086
              ],
              [
                -71.09047639004156,
                42.363040117989435
              ],
              [
                -71.09046545016379,
                42.363051055168334
              ],
              [
                -71.09045474082099,
                42.363061993693115
              ],
              [
                -71.09044425899722,
                42.363073618509304
              ],
              [
                -71.0904335503597,
                42.36308455650855
              ],
              [
                -71.09042307296666,
                42.36309549585636
              ],
              [
                -71.0904125904222,
                42.36310712066706
              ],
              [
                -71.09040234427354,
                42.363118060836406
              ],
              [
                -71.09039209368261,
                42.36312968647123
              ],
              [
                -71.09038184308795,
                42.36314131210515
              ],
              [
                -71.09037159621906,
                42.36315225226921
              ],
              [
                -71.09036157686884,
                42.363163878724805
              ],
              [
                -71.09035155751154,
                42.36317550570561
              ],
              [
                -71.09034153815395,
                42.36318713215943
              ],
              [
                -71.09033152252607,
                42.36319807261737
              ],
              [
                -71.09032173440986,
                42.363209700419205
              ],
              [
                -71.0903117150414,
                42.363221326870345
              ],
              [
                -71.0903021581701,
                42.36323295549415
              ],
              [
                -71.0902926005893,
                42.36324458358856
              ],
              [
                -71.09028303927111,
                42.363256897677054
              ],
              [
                -71.09027371364138,
                42.36326852712223
              ],
              [
                -71.0902643880117,
                42.36328015604053
              ],
              [
                -71.09025528847454,
                42.363292472297836
              ],
              [
                -71.09024619409026,
                42.363304102038455
              ],
              [
                -71.0902373265079,
                42.36331641912068
              ],
              [
                -71.09022846336939,
                42.3633280496837
              ],
              [
                -71.09021982632677,
                42.363340367059784
              ],
              [
                -71.09021118998677,
                42.36335268496382
              ],
              [
                -71.09020278489946,
                42.36336500316506
              ],
              [
                -71.09019461550231,
                42.36337663672326
              ],
              [
                -71.09018621040853,
                42.36338895492324
              ],
              [
                -71.09017826710422,
                42.36340127529407
              ],
              [
                -71.09017032006507,
                42.36341428113318
              ],
              [
                -71.09016237746722,
                42.36342660097936
              ],
              [
                -71.09015466611578,
                42.363438922175014
              ],
              [
                -71.09014695476475,
                42.36345124284409
              ],
              [
                -71.0901394739509,
                42.36346356486021
              ],
              [
                -71.09013222065504,
                42.36347657316876
              ],
              [
                -71.09012497179774,
                42.36348889601047
              ],
              [
                -71.09011771849593,
                42.363501904318035
              ],
              [
                -71.09011070088947,
                42.36351422745689
              ],
              [
                -71.09010390937546,
                42.363527237935315
              ],
              [
                -71.09009712301679,
                42.36353956189738
              ],
              [
                -71.0900905634599,
                42.36355257320164
              ],
              [
                -71.09008400390375,
                42.36356558397945
              ],
              [
                -71.09007767559491,
                42.3635785961071
              ],
              [
                -71.09007135173246,
                42.36359092171592
              ],
              [
                -71.09006525396255,
                42.36360393466448
              ],
              [
                -71.09005915690298,
                42.36361694708916
              ],
              [
                -71.09005329109101,
                42.36362996086378
              ],
              [
                -71.09004742528003,
                42.36364297411206
              ],
              [
                -71.09004179072036,
                42.36365598818421
              ],
              [
                -71.09003638740862,
                42.36366900360643
              ],
              [
                -71.09003097965206,
                42.36368270449464
              ],
              [
                -71.09002557562647,
                42.36369571991373
              ],
              [
                -71.09002040356532,
                42.363708735633324
              ],
              [
                -71.09001546275253,
                42.36372175270304
              ],
              [
                -71.09001052194111,
                42.36373476924643
              ],
              [
                -71.09000580793192,
                42.36374847313235
              ],
              [
                -71.09000109837054,
                42.363761490499606
              ],
              [
                -71.08999661561141,
                42.36377519520942
              ],
              [
                -71.0899215677375,
                42.36404316158321
              ],
              [
                -71.08988812389367,
                42.36417201397099
              ],
              [
                -71.08978612380257,
                42.36456611224643
              ],
              [
                -71.08978302848219,
                42.36457982189419
              ],
              [
                -71.08977993761265,
                42.36459284502354
              ],
              [
                -71.08977684228961,
                42.364606554671006
              ],
              [
                -71.08977397822581,
                42.36462026461715
              ],
              [
                -71.0897713498669,
                42.364633289395755
              ],
              [
                -71.08976871705458,
                42.36464700069257
              ],
              [
                -71.0897663155019,
                42.36466071228801
              ],
              [
                -71.08976391394475,
                42.36467442440947
              ],
              [
                -71.08976151683899,
                42.36468745001253
              ],
              [
                -71.08975957779474,
                42.36470116378346
              ],
              [
                -71.08975740749557,
                42.36471487620343
              ],
              [
                -71.08975546844957,
                42.36472858997417
              ],
              [
                -71.08975376066383,
                42.364742304043666
              ],
              [
                -71.08975205287389,
                42.364756018639184
              ],
              [
                -71.08975058079356,
                42.364769047541216
              ],
              [
                -71.08974910426004,
                42.36478276296146
              ],
              [
                -71.08974785827778,
                42.364796478677896
              ],
              [
                -71.08972935730407,
                42.36490343204216
              ],
              [
                -71.08941026959896,
                42.36478704194849
              ],
              [
                -71.0890228988395,
                42.36464433816124
              ],
              [
                -71.08872184285447,
                42.36452938258728
              ],
              [
                -71.08739523611054,
                42.36397169862587
              ],
              [
                -71.08718974345734,
                42.36388520865052
              ],
              [
                -71.08636733602876,
                42.363536499436336
              ],
              [
                -71.08619744260503,
                42.36345287972473
              ],
              [
                -71.08612570556815,
                42.36342449473529
              ],
              [
                -71.08591787246947,
                42.36334279610113
              ],
              [
                -71.08571349592101,
                42.363263167563986
              ],
              [
                -71.08462337426137,
                42.3627982295998
              ],
              [
                -71.08432521824724,
                42.362666808677325
              ],
              [
                -71.08311712204451,
                42.36210470052836
              ],
              [
                -71.08009445908785,
                42.36187966616531
              ],
              [
                -71.0796777362228,
                42.36184452900252
              ],
              [
                -71.0789201056692,
                42.36178001581195
              ],
              [
                -71.07848061224455,
                42.36176125515097
              ],
              [
                -71.07522150330162,
                42.361506439153324
              ],
              [
                -71.07522114455455,
                42.36150641099823
              ],
              [
                -71.07521933588407,
                42.36150627595445
              ],
              [
                -71.07666598006716,
                42.359494717552124
              ],
              [
                -71.07668567220959,
                42.359467334931004
              ],
              [
                -71.07668986115223,
                42.3594642149078
              ],
              [
                -71.0766905170072,
                42.35946330299343
              ],
              [
                -71.07762391932793,
                42.3587680894791
              ],
              [
                -71.07771267494259,
                42.35870198192195
              ],
              [
                -71.0777668247317,
                42.35866164936658
              ],
              [
                -71.07779121349958,
                42.35864348389913
              ],
              [
                -71.07781437988989,
                42.358591973564025
              ],
              [
                -71.0778438254405,
                42.35852650304347
              ],
              [
                -71.07784492417404,
                42.358524060274476
              ],
              [
                -71.07790187755114,
                42.358397427011475
              ],
              [
                -71.07792572632096,
                42.35834439983469
              ],
              [
                -71.07794468045975,
                42.35830225561219
              ],
              [
                -71.0779603261558,
                42.35826746753435
              ],
              [
                -71.07797308749728,
                42.35823909336969
              ],
              [
                -71.07797781503844,
                42.35822858173465
              ],
              [
                -71.0779802601778,
                42.35822314366559
              ],
              [
                -71.07799348086395,
                42.35819374795669
              ],
              [
                -71.07800226416556,
                42.35817421891978
              ],
              [
                -71.07800417217207,
                42.35816997623933
              ],
              [
                -71.07800557977514,
                42.358166846488196
              ],
              [
                -71.07801092722525,
                42.35815495669
              ],
              [
                -71.0780138684357,
                42.35814841619653
              ],
              [
                -71.07801988476108,
                42.35813503951714
              ],
              [
                -71.07802330763901,
                42.35812742968999
              ],
              [
                -71.07802895965196,
                42.358114861311904
              ],
              [
                -71.0780324588509,
                42.35810708131425
              ],
              [
                -71.07803558005334,
                42.35810014113303
              ],
              [
                -71.0780423905256,
                42.35808499920815
              ],
              [
                -71.07804590124903,
                42.35807719242227
              ],
              [
                -71.07805336116483,
                42.3580606051048
              ],
              [
                -71.07805683731965,
                42.358052876051666
              ],
              [
                -71.07806590138601,
                42.35803272200324
              ],
              [
                -71.0780690564201,
                42.3580257067155
              ],
              [
                -71.07807805783595,
                42.3580056923737
              ],
              [
                -71.07807823567238,
                42.35800529741328
              ],
              [
                -71.07807903631536,
                42.35800351641019
              ],
              [
                -71.07808080534939,
                42.35799958308018
              ],
              [
                -71.07808159734029,
                42.35799782308857
              ],
              [
                -71.07808196309757,
                42.35799701005716
              ],
              [
                -71.0780832864625,
                42.35799406622855
              ],
              [
                -71.07808408061267,
                42.3579923015101
              ],
              [
                -71.07808421453241,
                42.357992003713505
              ],
              [
                -71.07808430525542,
                42.35799180150517
              ],
              [
                -71.07808582680653,
                42.357991367283624
              ],
              [
                -71.07808778257682,
                42.35799080944777
              ],
              [
                -71.07808800721602,
                42.357990309968926
              ]
            ]
          ]
        ]
      },
      "properties": {
        "n_hood": "2",
        "name": "Area 2/MIT",
        "webpage": "https://www.cambridgema.gov/CDD/planud/neighplan/neighs/2",
        "_feature_id": "11"
      }
    },
    {
      "type": "Feature",
      "geometry": {
        "type": "MultiPolygon",
        "coordinates": [
          [
            [
              [
                -71.10842052639796,
                42.37910371572856
              ],
              [
                -71.10841161440793,
                42.37909500143224
              ],
              [
                -71.1084105677654,
                42.37909397780532
              ],
              [
                -71.10836586537998,
                42.37905026799546
              ],
              [
                -71.1083651008512,
                42.379049520467014
              ],
              [
                -71.10834757946597,
                42.379032388550506
              ],
              [
                -71.10831443817766,
                42.378999982450026
              ],
              [
                -71.10831325753371,
                42.37899882789875
              ],
              [
                -71.1082976439695,
                42.37898356110185
              ],
              [
                -71.1082958825935,
                42.37898199949333
              ],
              [
                -71.10828940726704,
                42.37897626056101
              ],
              [
                -71.10828887024651,
                42.378975784210525
              ],
              [
                -71.10825857821885,
                42.37894893580866
              ],
              [
                -71.10824786106471,
                42.37893943623145
              ],
              [
                -71.10823253723404,
                42.378925854386246
              ],
              [
                -71.10823067917909,
                42.37892420774903
              ],
              [
                -71.1082222858348,
                42.37891676778534
              ],
              [
                -71.10818964254858,
                42.37888783440332
              ],
              [
                -71.1081845165,
                42.378883291099804
              ],
              [
                -71.10818376071704,
                42.37888262145942
              ],
              [
                -71.10817906160314,
                42.3788784568073
              ],
              [
                -71.10816617098187,
                42.37886703121484
              ],
              [
                -71.10815894131558,
                42.378860622639316
              ],
              [
                -71.10815549549002,
                42.37885756859612
              ],
              [
                -71.10814512838105,
                42.37884837953492
              ],
              [
                -71.10812686333045,
                42.37883219093805
              ],
              [
                -71.10810401351084,
                42.3788119380272
              ],
              [
                -71.10808436112653,
                42.378794518936644
              ],
              [
                -71.10808415859768,
                42.37879433938029
              ],
              [
                -71.10808111247576,
                42.37879170808457
              ],
              [
                -71.10806152229715,
                42.37877478687133
              ],
              [
                -71.108023383695,
                42.37874184389407
              ],
              [
                -71.10796981483097,
                42.37869557222921
              ],
              [
                -71.10796179655095,
                42.3786886464497
              ],
              [
                -71.10795510441783,
                42.378682866251154
              ],
              [
                -71.10792330234479,
                42.3786553960493
              ],
              [
                -71.10773688529135,
                42.37849437265921
              ],
              [
                -71.10761675533209,
                42.378390606092424
              ],
              [
                -71.10755702009078,
                42.37833900770429
              ],
              [
                -71.10750163950857,
                42.37829117034034
              ],
              [
                -71.10747396371755,
                42.378267264060426
              ],
              [
                -71.10743575797507,
                42.37823426225873
              ],
              [
                -71.10741726207263,
                42.378218285819415
              ],
              [
                -71.10735222477877,
                42.3781621070827
              ],
              [
                -71.10727097278746,
                42.37809192190155
              ],
              [
                -71.10727059181718,
                42.37809157023327
              ],
              [
                -71.10727038511088,
                42.37809137856143
              ],
              [
                -71.10726818470793,
                42.378089338811556
              ],
              [
                -71.10727074160745,
                42.37808870151696
              ],
              [
                -71.10727541906581,
                42.37808753644032
              ],
              [
                -71.10774835720018,
                42.37798372241896
              ],
              [
                -71.1079001279366,
                42.377950405644086
              ],
              [
                -71.1080307660352,
                42.37792203807959
              ],
              [
                -71.10814681402898,
                42.37789636469238
              ],
              [
                -71.10825961868734,
                42.37787136614936
              ],
              [
                -71.10830941885256,
                42.37786055963399
              ],
              [
                -71.10908928724221,
                42.37769376581012
              ],
              [
                -71.10930816738434,
                42.377647173941675
              ],
              [
                -71.10939317217037,
                42.37762893992695
              ],
              [
                -71.10954372233444,
                42.37759720822757
              ],
              [
                -71.11064367479361,
                42.377362888241706
              ],
              [
                -71.11149577484213,
                42.377183974478974
              ],
              [
                -71.1122462040514,
                42.3770246059197
              ],
              [
                -71.11233375639857,
                42.37700569231673
              ],
              [
                -71.11250120971366,
                42.37697058368585
              ],
              [
                -71.11259362275337,
                42.376951000778796
              ],
              [
                -71.11266195086826,
                42.3769361382172
              ],
              [
                -71.11273953945101,
                42.3769199347786
              ],
              [
                -71.11372642756018,
                42.37671195942487
              ],
              [
                -71.1138137435412,
                42.376693729908766
              ],
              [
                -71.11391843569282,
                42.37667075713285
              ],
              [
                -71.11394784939223,
                42.376664681270455
              ],
              [
                -71.11408079932235,
                42.376635628598315
              ],
              [
                -71.11423435516174,
                42.376603214846895
              ],
              [
                -71.11476218614213,
                42.37649247666704
              ],
              [
                -71.11562908270572,
                42.376310837860174
              ],
              [
                -71.1156443700786,
                42.37630745891151
              ],
              [
                -71.11565223428734,
                42.37630748518637
              ],
              [
                -71.11568183309248,
                42.37630895608378
              ],
              [
                -71.1175678562504,
                42.37601476533158
              ],
              [
                -71.11769657248828,
                42.376035087841856
              ],
              [
                -71.11781447092474,
                42.376046455674604
              ],
              [
                -71.11804158212114,
                42.37605201253401
              ],
              [
                -71.11820921073083,
                42.37606354506911
              ],
              [
                -71.118449984778,
                42.376104818736415
              ],
              [
                -71.11859615613854,
                42.37614577881254
              ],
              [
                -71.11874917570468,
                42.376201853511915
              ],
              [
                -71.11906348865008,
                42.376361364574294
              ],
              [
                -71.11910475167159,
                42.37638482590517
              ],
              [
                -71.119420355151,
                42.37656080490127
              ],
              [
                -71.119544670313,
                42.37662089959662
              ],
              [
                -71.11963247576092,
                42.376674699399864
              ],
              [
                -71.11979947119224,
                42.37679187439908
              ],
              [
                -71.11982677865022,
                42.376866740773565
              ],
              [
                -71.12007450415327,
                42.37752270602032
              ],
              [
                -71.12016778265034,
                42.37770549449885
              ],
              [
                -71.1201478759988,
                42.37790025783872
              ],
              [
                -71.12004816118517,
                42.37886584065392
              ],
              [
                -71.12003907927357,
                42.378952934834885
              ],
              [
                -71.1200273903847,
                42.37905031099934
              ],
              [
                -71.12000034274436,
                42.37931708221108
              ],
              [
                -71.11998777388445,
                42.379753347517735
              ],
              [
                -71.11998543282402,
                42.37983497590683
              ],
              [
                -71.11991054357394,
                42.38013314574639
              ],
              [
                -71.11984182794416,
                42.3808278543787
              ],
              [
                -71.1198214600696,
                42.38094509593105
              ],
              [
                -71.11973910771351,
                42.38171453483387
              ],
              [
                -71.11968994236771,
                42.38215822495693
              ],
              [
                -71.119681854915,
                42.382233660262955
              ],
              [
                -71.11967574180062,
                42.38228852091612
              ],
              [
                -71.11965005762757,
                42.38252031015211
              ],
              [
                -71.11964246573997,
                42.3825902585285
              ],
              [
                -71.11963242443018,
                42.382682837467684
              ],
              [
                -71.11956968793507,
                42.383267116563545
              ],
              [
                -71.11956112103978,
                42.383345293747446
              ],
              [
                -71.11955157516132,
                42.38343238627034
              ],
              [
                -71.11951265541244,
                42.38378761446826
              ],
              [
                -71.11943920562359,
                42.38446035347152
              ],
              [
                -71.1193990701484,
                42.38482518158281
              ],
              [
                -71.11936895980455,
                42.385100174221975
              ],
              [
                -71.11931459249851,
                42.385561683267866
              ],
              [
                -71.11928748053,
                42.38583805829525
              ],
              [
                -71.11924928901863,
                42.38622553132055
              ],
              [
                -71.11921083679346,
                42.38657938821238
              ],
              [
                -71.11918110970733,
                42.38682899983579
              ],
              [
                -71.11916345266091,
                42.38707179082904
              ],
              [
                -71.11919403551019,
                42.3873716808089
              ],
              [
                -71.11922145009571,
                42.387506230832855
              ],
              [
                -71.11935173132878,
                42.38796217654563
              ],
              [
                -71.11941408443569,
                42.38817298949847
              ],
              [
                -71.11945210038414,
                42.388314434537754
              ],
              [
                -71.11869661750636,
                42.38802655076926
              ],
              [
                -71.11868115888379,
                42.388019639506034
              ],
              [
                -71.11866569612755,
                42.388013414230294
              ],
              [
                -71.11865046814499,
                42.3880065037273
              ],
              [
                -71.11863500539815,
                42.38800027792134
              ],
              [
                -71.11861977742217,
                42.38799336741425
              ],
              [
                -71.11860454602134,
                42.38798714289708
              ],
              [
                -71.11858931876151,
                42.387980232388244
              ],
              [
                -71.11857409079535,
                42.38797332187509
              ],
              [
                -71.11855909488827,
                42.38796641160311
              ],
              [
                -71.1185440989813,
                42.387959501855214
              ],
              [
                -71.11852910650654,
                42.38795190611341
              ],
              [
                -71.11851411060623,
                42.38794499636157
              ],
              [
                -71.11849934534565,
                42.387938086846425
              ],
              [
                -71.1184845849338,
                42.3879304918682
              ],
              [
                -71.11846982038627,
                42.38792358287763
              ],
              [
                -71.11845505927167,
                42.38791598789324
              ],
              [
                -71.11844029887347,
                42.3879083923832
              ],
              [
                -71.11774277738618,
                42.38753674061332
              ],
              [
                -71.11768425796373,
                42.38750555976428
              ],
              [
                -71.11768367155237,
                42.38750524743079
              ],
              [
                -71.11766807893521,
                42.38749823668225
              ],
              [
                -71.11755334682121,
                42.387383166546
              ],
              [
                -71.11753349067193,
                42.38736325168633
              ],
              [
                -71.11751242462522,
                42.3873422743356
              ],
              [
                -71.11731479497871,
                42.38714547543103
              ],
              [
                -71.1173086827336,
                42.38713938891563
              ],
              [
                -71.1172859598653,
                42.38711676149662
              ],
              [
                -71.11711283828883,
                42.38694436583525
              ],
              [
                -71.11708591354993,
                42.386917554711225
              ],
              [
                -71.11707675265683,
                42.38690843204594
              ],
              [
                -71.11703767128434,
                42.38686951436428
              ],
              [
                -71.11692474229949,
                42.38675705839108
              ],
              [
                -71.11692172555999,
                42.386753553095716
              ],
              [
                -71.11691951991273,
                42.38675098954706
              ],
              [
                -71.1168729758054,
                42.38669690279968
              ],
              [
                -71.11681958865108,
                42.38663486369386
              ],
              [
                -71.11681773957393,
                42.38663271535276
              ],
              [
                -71.11676177341303,
                42.38656767898977
              ],
              [
                -71.11665081952447,
                42.38643874260661
              ],
              [
                -71.11664251565243,
                42.38642909300178
              ],
              [
                -71.11646375882644,
                42.38622033040077
              ],
              [
                -71.1164207826545,
                42.386167910917294
              ],
              [
                -71.1162682769499,
                42.385981894675076
              ],
              [
                -71.1161707059804,
                42.3858628826808
              ],
              [
                -71.11609676352609,
                42.385772691632205
              ],
              [
                -71.11601168523356,
                42.38566891742488
              ],
              [
                -71.11587734791544,
                42.385505058062236
              ],
              [
                -71.11563334771813,
                42.38520743446956
              ],
              [
                -71.1156308280737,
                42.38520436112989
              ],
              [
                -71.11553439127995,
                42.385096914993305
              ],
              [
                -71.11548874957278,
                42.385046062887426
              ],
              [
                -71.11543263034848,
                42.38499743155875
              ],
              [
                -71.11538032589559,
                42.384952106194135
              ],
              [
                -71.11527056345331,
                42.38485698860241
              ],
              [
                -71.11513406976147,
                42.38473870566104
              ],
              [
                -71.11490631387159,
                42.38454133609208
              ],
              [
                -71.11477724043398,
                42.384429482008
              ],
              [
                -71.11469058066493,
                42.38435438318591
              ],
              [
                -71.11456593106146,
                42.38424636246362
              ],
              [
                -71.11449392381773,
                42.3841839605115
              ],
              [
                -71.11440232919689,
                42.38410458423488
              ],
              [
                -71.1142933376914,
                42.38401013164903
              ],
              [
                -71.11414653479508,
                42.38388291014176
              ],
              [
                -71.11409095480494,
                42.38383474394686
              ],
              [
                -71.11402157787944,
                42.38377462053406
              ],
              [
                -71.11391583805637,
                42.383682984056
              ],
              [
                -71.113703595576,
                42.38349904958995
              ],
              [
                -71.11363517230646,
                42.38343975192324
              ],
              [
                -71.11360928102467,
                42.383417677590195
              ],
              [
                -71.11358386555534,
                42.38339600887628
              ],
              [
                -71.11357831556376,
                42.383391277113134
              ],
              [
                -71.1135318331794,
                42.3833516478584
              ],
              [
                -71.11339789964383,
                42.38323745848558
              ],
              [
                -71.11329297497244,
                42.38314800211516
              ],
              [
                -71.11299130664638,
                42.38289080302591
              ],
              [
                -71.11295823666144,
                42.38286260821441
              ],
              [
                -71.1128952140992,
                42.38280887521808
              ],
              [
                -71.11267377899688,
                42.38262007953034
              ],
              [
                -71.11258630286929,
                42.38254549714312
              ],
              [
                -71.11249766431892,
                42.38246992385172
              ],
              [
                -71.11240479832676,
                42.38239074524642
              ],
              [
                -71.1123116495006,
                42.38231132519357
              ],
              [
                -71.11225137469386,
                42.382259934244956
              ],
              [
                -71.11222165698801,
                42.38223459606421
              ],
              [
                -71.11213281460036,
                42.382158847664805
              ],
              [
                -71.11204514068798,
                42.382084094790265
              ],
              [
                -71.11193691908436,
                42.38199182203809
              ],
              [
                -71.11172608370975,
                42.381812057721135
              ],
              [
                -71.1117005551889,
                42.38178982687302
              ],
              [
                -71.11168204673527,
                42.381774510271825
              ],
              [
                -71.11164316851303,
                42.38177104581685
              ],
              [
                -71.11149505756788,
                42.381757846258
              ],
              [
                -71.11134148515707,
                42.381744159849724
              ],
              [
                -71.11123193194973,
                42.38173439659623
              ],
              [
                -71.1109417074233,
                42.38170853153827
              ],
              [
                -71.1109017825098,
                42.381704973333676
              ],
              [
                -71.11068922440924,
                42.381686028840946
              ],
              [
                -71.1105240800625,
                42.38155166111329
              ],
              [
                -71.1103314869165,
                42.38139495868417
              ],
              [
                -71.11032277718697,
                42.38138787185823
              ],
              [
                -71.10959924303975,
                42.38079916262363
              ],
              [
                -71.10948810160309,
                42.380708730457215
              ],
              [
                -71.10946206263229,
                42.38068800563353
              ],
              [
                -71.10936803522073,
                42.38061317018754
              ],
              [
                -71.10887485604079,
                42.38022064961082
              ],
              [
                -71.10883503596189,
                42.38018895642201
              ],
              [
                -71.10881894977996,
                42.38017615276712
              ],
              [
                -71.10879029941104,
                42.380153349845635
              ],
              [
                -71.10873199043861,
                42.38010694144012
              ],
              [
                -71.10833339692051,
                42.379781762911165
              ],
              [
                -71.10829290451578,
                42.37974872837364
              ],
              [
                -71.10799064710561,
                42.37950190071572
              ],
              [
                -71.1079278510483,
                42.379450619854495
              ],
              [
                -71.10784177313937,
                42.379380327120664
              ],
              [
                -71.10784215873996,
                42.379380162720686
              ],
              [
                -71.10784820523837,
                42.37937758976943
              ],
              [
                -71.10786901902463,
                42.37936873212808
              ],
              [
                -71.10829638594117,
                42.3791866669377
              ],
              [
                -71.10834125664489,
                42.379167232261295
              ],
              [
                -71.10835640729641,
                42.37916066999303
              ],
              [
                -71.10844121032821,
                42.379123939633565
              ],
              [
                -71.10844087320001,
                42.379123610213746
              ],
              [
                -71.10843983854376,
                42.379122598727676
              ],
              [
                -71.10842052639796,
                42.37910371572856
              ]
            ]
          ]
        ]
      },
      "properties": {
        "n_hood": "8",
        "name": "Baldwin",
        "webpage": "https://www.cambridgema.gov/CDD/planud/neighplan/neighs/8",
        "_feature_id": "13"
      }
    }
  ],
  "crs": {
    "type": "name",
    "properties": {
      "name": "urn:ogc:def:crs:OGC:1.3:CRS84"
    }
  }
}
